date,day_of_week,month,is_weekend,location,shelter_density,donor_activity_index,food_category,temperature_celsius,beneficiaries_count,historical_demand_lag1,historical_demand_lag7,meals_demanded
2025-01-01,2,1,0,Dwarka,5,1.87,BEVERAGES,14.8,43,38,36,82
2025-01-02,3,1,0,Karol Bagh,9,2.89,COOKED_MEALS,12.9,44,44,35,104
2025-01-03,4,1,0,Lajpat Nagar,8,3.86,BEVERAGES,17.4,43,42,39,112
2025-01-04,5,1,1,Lajpat Nagar,8,3.8,PRODUCE_FRUITS,14.8,42,47,39,119
2025-01-05,6,1,1,South Extension,6,2.75,PRODUCE_FRUITS,20.5,92,85,75,167
2025-01-06,0,1,0,Lodhi Colony,7,1.76,PRODUCE_FRUITS,20.3,94,104,88,147
2025-01-07,1,1,0,Lajpat Nagar,8,3.83,COOKED_MEALS,18.6,113,105,94,187
2025-01-08,2,1,0,Connaught Place,4,3.0,OTHER,15.6,62,59,66,105
2025-01-09,3,1,0,Dwarka,5,4.59,BEVERAGES,12.7,96,86,104,150
2025-01-10,4,1,0,Dwarka,5,3.77,BAKERY,18.8,113,122,100,170
2025-01-11,5,1,1,South Extension,6,4.16,DAIRY,14.7,42,47,43,120
2025-01-12,6,1,1,Lodhi Colony,7,2.81,BEVERAGES,16.6,48,42,52,123
2025-01-13,0,1,0,Karol Bagh,9,2.37,PACKAGED_FOOD,16.3,89,86,79,160
2025-01-14,1,1,0,South Extension,6,3.99,OTHER,13.1,95,85,101,148
2025-01-15,2,1,0,Karol Bagh,9,1.71,DAIRY,18.0,74,74,87,134
2025-01-16,3,1,0,Dwarka,5,1.88,PACKAGED_FOOD,19.5,113,117,95,156
2025-01-17,4,1,0,Lodhi Colony,7,2.02,COOKED_MEALS,21.5,107,99,107,178
2025-01-18,5,1,1,Rohini,7,3.56,OTHER,18.4,92,83,87,193
2025-01-19,6,1,1,Lajpat Nagar,8,3.28,OTHER,21.2,15,15,14,106
2025-01-20,0,1,0,Rohini,7,4.16,BAKERY,12.6,87,98,72,149
2025-01-21,1,1,0,Lodhi Colony,7,4.19,OTHER,17.3,31,27,30,81
2025-01-22,2,1,0,Rohini,7,3.5,BAKERY,21.3,111,118,97,168
2025-01-23,3,1,0,Connaught Place,4,2.82,BEVERAGES,18.5,71,79,69,111
2025-01-24,4,1,0,South Extension,6,3.44,BAKERY,17.9,15,13,15,66
2025-01-25,5,1,1,Lajpat Nagar,8,1.72,COOKED_MEALS,20.6,24,24,21,105
2025-01-26,6,1,1,Dwarka,5,4.59,PACKAGED_FOOD,17.8,46,49,51,124
2025-01-27,0,1,0,Lajpat Nagar,8,1.81,BEVERAGES,16.3,69,67,79,134
2025-01-28,1,1,0,Dwarka,5,1.82,DAIRY,19.3,117,129,105,165
2025-01-29,2,1,0,Lajpat Nagar,8,3.27,BAKERY,16.2,50,49,57,121
2025-01-30,3,1,0,Rohini,7,3.32,COOKED_MEALS,18.5,84,92,99,157
2025-01-31,4,1,0,Rohini,7,4.3,BAKERY,16.1,76,69,72,141
2025-02-01,5,2,1,Lodhi Colony,7,2.38,OTHER,19.9,51,49,60,133
2025-02-02,6,2,1,Rohini,7,3.33,BEVERAGES,16.9,39,36,46,112
2025-02-03,0,2,0,Dwarka,5,2.53,COOKED_MEALS,17.8,79,88,79,128
2025-02-04,1,2,0,South Extension,6,4.67,COOKED_MEALS,20.5,23,23,24,87
2025-02-05,2,2,0,Karol Bagh,9,2.31,PACKAGED_FOOD,12.4,25,24,25,86
2025-02-06,3,2,0,Karol Bagh,9,2.54,PRODUCE_FRUITS,14.0,106,100,96,176
2025-02-07,4,2,0,Lodhi Colony,7,2.54,OTHER,21.4,16,15,19,75
2025-02-08,5,2,1,South Extension,6,1.74,BAKERY,17.1,31,35,35,108
2025-02-09,6,2,1,Lajpat Nagar,8,2.95,PACKAGED_FOOD,19.0,93,106,104,176
2025-02-10,0,2,0,Karol Bagh,9,1.53,OTHER,17.5,99,87,113,157
2025-02-11,1,2,0,Dwarka,5,3.33,PRODUCE_FRUITS,14.8,41,43,36,102
2025-02-12,2,2,0,Dwarka,5,4.31,PACKAGED_FOOD,16.9,21,18,20,67
2025-02-13,3,2,0,Rohini,7,1.93,PRODUCE_FRUITS,13.6,71,72,68,121
2025-02-14,4,2,0,South Extension,6,1.87,BEVERAGES,21.0,84,72,79,123
2025-02-15,5,2,1,South Extension,6,2.52,OTHER,21.7,20,22,17,92
2025-02-16,6,2,1,Lajpat Nagar,8,3.7,PRODUCE_FRUITS,19.8,67,76,73,161
2025-02-17,0,2,0,Lajpat Nagar,8,4.72,OTHER,13.8,67,57,73,127
2025-02-18,1,2,0,Connaught Place,4,4.08,DAIRY,20.0,109,119,98,156
2025-02-19,2,2,0,Rohini,7,1.63,DAIRY,14.2,119,133,111,166
2025-02-20,3,2,0,Rohini,7,4.12,BAKERY,14.2,99,89,92,171
2025-02-21,4,2,0,Connaught Place,4,2.66,PACKAGED_FOOD,16.0,83,78,67,107
2025-02-22,5,2,1,Connaught Place,4,2.09,PRODUCE_FRUITS,12.4,91,89,99,152
2025-02-23,6,2,1,Karol Bagh,9,1.88,PACKAGED_FOOD,13.9,20,21,16,114
2025-02-24,0,2,0,Rohini,7,3.28,BEVERAGES,21.4,109,114,103,177
2025-02-25,1,2,0,Connaught Place,4,3.56,BEVERAGES,20.5,107,119,107,157
2025-02-26,2,2,0,Dwarka,5,2.85,DAIRY,19.0,85,75,82,142
2025-02-27,3,2,0,Lajpat Nagar,8,3.53,PRODUCE_FRUITS,16.1,15,14,13,68
2025-02-28,4,2,0,Rohini,7,3.41,BEVERAGES,15.2,71,69,62,109
2025-03-01,5,3,1,Rohini,7,3.93,BEVERAGES,24.8,80,83,83,170
2025-03-02,6,3,1,South Extension,6,4.2,OTHER,26.3,54,49,47,143
2025-03-03,0,3,0,Lodhi Colony,7,3.52,OTHER,24.7,68,75,70,126
2025-03-04,1,3,0,Dwarka,5,3.8,DAIRY,28.0,33,34,26,81
2025-03-05,2,3,0,South Extension,6,4.07,BAKERY,25.8,104,104,85,147
2025-03-06,3,3,0,Lajpat Nagar,8,4.53,COOKED_MEALS,28.6,117,115,118,189
2025-03-07,4,3,0,Rohini,7,4.44,PACKAGED_FOOD,32.2,79,77,91,139
2025-03-08,5,3,1,Lodhi Colony,7,4.46,BEVERAGES,32.6,72,66,64,154
2025-03-09,6,3,1,Karol Bagh,9,3.1,BAKERY,26.7,24,25,21,105
2025-03-10,0,3,0,Connaught Place,4,2.56,PACKAGED_FOOD,24.8,34,31,36,72
2025-03-11,1,3,0,Lodhi Colony,7,2.59,DAIRY,28.2,41,45,39,92
2025-03-12,2,3,0,Rohini,7,3.43,BEVERAGES,24.2,112,114,110,177
2025-03-13,3,3,0,Lodhi Colony,7,4.32,OTHER,28.2,110,117,123,171
2025-03-14,4,3,0,Lajpat Nagar,8,3.11,PRODUCE_FRUITS,28.4,18,17,19,81
2025-03-15,5,3,1,Rohini,7,3.04,BAKERY,33.8,83,71,79,158
2025-03-16,6,3,1,Karol Bagh,9,3.69,COOKED_MEALS,30.4,32,35,27,136
2025-03-17,0,3,0,Lodhi Colony,7,2.58,OTHER,32.8,50,53,56,113
2025-03-18,1,3,0,Connaught Place,4,4.26,DAIRY,24.2,84,72,99,131
2025-03-19,2,3,0,Dwarka,5,1.63,COOKED_MEALS,33.5,40,44,41,96
2025-03-20,3,3,0,Lajpat Nagar,8,1.92,BEVERAGES,25.1,42,41,37,90
2025-03-21,4,3,0,Dwarka,5,3.87,OTHER,32.2,54,47,43,113
2025-03-22,5,3,1,Connaught Place,4,3.4,DAIRY,28.0,106,96,109,183
2025-03-23,6,3,1,Dwarka,5,4.05,OTHER,30.8,118,104,140,195
2025-03-24,0,3,0,Rohini,7,1.64,PACKAGED_FOOD,28.3,62,53,65,122
2025-03-25,1,3,0,Lodhi Colony,7,1.85,PRODUCE_FRUITS,30.4,73,77,71,127
2025-03-26,2,3,0,Dwarka,5,3.22,BEVERAGES,26.7,118,132,130,154
2025-03-27,3,3,0,Karol Bagh,9,2.39,OTHER,26.5,26,24,25,90
2025-03-28,4,3,0,Rohini,7,3.03,PACKAGED_FOOD,30.7,58,49,66,117
2025-03-29,5,3,1,Rohini,7,2.35,PRODUCE_FRUITS,32.8,104,115,106,194
2025-03-30,6,3,1,Karol Bagh,9,4.63,COOKED_MEALS,26.4,67,66,73,171
2025-03-31,0,3,0,Lodhi Colony,7,2.98,COOKED_MEALS,24.9,43,41,38,97
2025-04-01,1,4,0,Dwarka,5,3.42,DAIRY,29.5,59,57,64,102
2025-04-02,2,4,0,Connaught Place,4,2.51,BAKERY,25.2,39,36,42,89
2025-04-03,3,4,0,Rohini,7,3.78,BAKERY,26.2,76,70,78,136
2025-04-04,4,4,0,South Extension,6,4.25,PRODUCE_FRUITS,26.3,37,34,40,80
2025-04-05,5,4,1,Lajpat Nagar,8,2.41,COOKED_MEALS,29.5,104,117,109,203
2025-04-06,6,4,1,South Extension,6,3.39,DAIRY,28.8,58,52,47,135
2025-04-07,0,4,0,Rohini,7,3.08,OTHER,24.7,77,67,80,138
2025-04-08,1,4,0,Karol Bagh,9,4.63,COOKED_MEALS,33.9,30,30,28,112
2025-04-09,2,4,0,Karol Bagh,9,4.11,BAKERY,31.8,63,62,61,148
2025-04-10,3,4,0,Connaught Place,4,3.38,COOKED_MEALS,30.1,109,95,120,147
2025-04-11,4,4,0,Dwarka,5,2.2,BEVERAGES,24.8,45,40,37,97
2025-04-12,5,4,1,Karol Bagh,9,3.05,COOKED_MEALS,26.3,105,98,120,210
2025-04-13,6,4,1,South Extension,6,3.77,PRODUCE_FRUITS,31.9,95,97,106,181
2025-04-14,0,4,0,Lajpat Nagar,8,3.64,PRODUCE_FRUITS,32.3,24,20,26,90
2025-04-15,1,4,0,Karol Bagh,9,3.97,PACKAGED_FOOD,33.2,71,62,76,135
2025-04-16,2,4,0,Karol Bagh,9,3.28,DAIRY,24.8,20,22,21,65
2025-04-17,3,4,0,Karol Bagh,9,2.33,COOKED_MEALS,26.3,101,111,104,206
2025-04-18,4,4,0,Dwarka,5,4.21,PACKAGED_FOOD,24.4,111,100,111,154
2025-04-19,5,4,1,Lodhi Colony,7,4.52,BAKERY,34.0,70,72,69,167
2025-04-20,6,4,1,Connaught Place,4,2.56,COOKED_MEALS,32.6,57,55,56,141
2025-04-21,0,4,0,Dwarka,5,4.62,OTHER,31.6,19,18,17,61
2025-04-22,1,4,0,Lodhi Colony,7,4.35,OTHER,33.9,99,109,97,182
2025-04-23,2,4,0,South Extension,6,2.12,PRODUCE_FRUITS,30.2,78,80,86,131
2025-04-24,3,4,0,Connaught Place,4,2.95,BEVERAGES,28.8,18,20,18,68
2025-04-25,4,4,0,Lajpat Nagar,8,3.84,PRODUCE_FRUITS,29.5,85,82,75,152
2025-04-26,5,4,1,South Extension,6,3.64,BAKERY,29.0,106,99,114,187
2025-04-27,6,4,1,Lodhi Colony,7,4.25,DAIRY,26.4,85,75,74,163
2025-04-28,0,4,0,Lajpat Nagar,8,4.35,PRODUCE_FRUITS,31.7,68,64,75,126
2025-04-29,1,4,0,Connaught Place,4,4.21,PRODUCE_FRUITS,31.3,90,92,95,145
2025-04-30,2,4,0,Lodhi Colony,7,2.64,PACKAGED_FOOD,31.6,63,62,58,112
2025-05-01,3,5,0,Lajpat Nagar,8,4.74,BAKERY,38.9,44,48,42,108
2025-05-02,4,5,0,Rohini,7,2.76,BEVERAGES,41.5,98,112,97,167
2025-05-03,5,5,1,South Extension,6,1.92,PACKAGED_FOOD,36.0,27,30,26,95
2025-05-04,6,5,1,Dwarka,5,1.98,OTHER,39.9,34,29,37,106
2025-05-05,0,5,0,Connaught Place,4,2.62,BEVERAGES,36.8,25,27,28,72
2025-05-06,1,5,0,Connaught Place,4,3.57,OTHER,37.9,84,72,69,126
2025-05-07,2,5,0,Dwarka,5,3.76,PRODUCE_FRUITS,44.0,110,96,131,167
2025-05-08,3,5,0,South Extension,6,2.96,BEVERAGES,35.6,18,15,20,57
2025-05-09,4,5,0,Connaught Place,4,2.68,DAIRY,33.7,82,79,87,128
2025-05-10,5,5,1,Karol Bagh,9,4.37,PACKAGED_FOOD,40.2,78,87,66,184
2025-05-11,6,5,1,Lodhi Colony,7,3.61,DAIRY,35.1,16,17,15,99
2025-05-12,0,5,0,South Extension,6,2.96,PRODUCE_FRUITS,43.9,53,55,51,118
2025-05-13,1,5,0,Connaught Place,4,3.01,PRODUCE_FRUITS,34.4,64,70,53,103
2025-05-14,2,5,0,Connaught Place,4,4.78,PRODUCE_FRUITS,32.3,99,95,79,155
2025-05-15,3,5,0,Rohini,7,3.76,BEVERAGES,43.7,92,98,104,167
2025-05-16,4,5,0,Lajpat Nagar,8,3.5,PRODUCE_FRUITS,34.6,39,40,41,94
2025-05-17,5,5,1,Dwarka,5,4.03,BEVERAGES,42.1,95,83,99,192
2025-05-18,6,5,1,South Extension,6,3.41,BEVERAGES,33.6,52,49,50,137
2025-05-19,0,5,0,Lajpat Nagar,8,1.94,PACKAGED_FOOD,42.5,61,61,71,125
2025-05-20,1,5,0,Rohini,7,4.62,OTHER,35.5,58,63,57,116
2025-05-21,2,5,0,South Extension,6,1.96,BAKERY,42.3,107,112,102,167
2025-05-22,3,5,0,South Extension,6,4.11,COOKED_MEALS,35.2,30,29,32,87
2025-05-23,4,5,0,Dwarka,5,2.37,DAIRY,41.9,62,54,55,127
2025-05-24,5,5,1,Karol Bagh,9,2.58,PACKAGED_FOOD,34.7,23,23,22,117
2025-05-25,6,5,1,Dwarka,5,2.5,DAIRY,33.4,20,22,18,89
2025-05-26,0,5,0,Karol Bagh,9,1.95,DAIRY,36.5,110,116,111,177
2025-05-27,1,5,0,Karol Bagh,9,3.95,BAKERY,42.6,98,86,97,155
2025-05-28,2,5,0,South Extension,6,3.78,BAKERY,37.3,45,49,37,111
2025-05-29,3,5,0,Dwarka,5,2.71,BEVERAGES,36.3,65,60,77,128
2025-05-30,4,5,0,South Extension,6,3.69,BEVERAGES,39.7,17,14,15,67
2025-05-31,5,5,1,Lajpat Nagar,8,4.1,BAKERY,32.8,112,113,115,210
2025-06-01,6,6,1,Rohini,7,1.99,PACKAGED_FOOD,32.0,33,37,33,108
2025-06-02,0,6,0,Rohini,7,2.08,BEVERAGES,42.4,31,26,34,87
2025-06-03,1,6,0,Lajpat Nagar,8,2.38,BAKERY,40.9,82,72,67,152
2025-06-04,2,6,0,Lodhi Colony,7,4.07,PACKAGED_FOOD,39.1,72,72,84,148
2025-06-05,3,6,0,Rohini,7,3.67,PRODUCE_FRUITS,37.5,18,15,17,80
2025-06-06,4,6,0,Lodhi Colony,7,2.91,COOKED_MEALS,37.9,71,61,59,138
2025-06-07,5,6,1,Connaught Place,4,3.56,PACKAGED_FOOD,38.6,56,53,58,129
2025-06-08,6,6,1,Connaught Place,4,3.0,PACKAGED_FOOD,37.2,116,123,132,184
2025-06-09,0,6,0,Dwarka,5,4.36,DAIRY,37.4,44,42,49,86
2025-06-10,1,6,0,Lodhi Colony,7,2.87,COOKED_MEALS,35.8,55,57,52,133
2025-06-11,2,6,0,South Extension,6,1.8,COOKED_MEALS,33.1,27,28,25,99
2025-06-12,3,6,0,Lajpat Nagar,8,3.34,PACKAGED_FOOD,43.5,86,81,73,146
2025-06-13,4,6,0,Rohini,7,2.9,BEVERAGES,32.6,51,52,47,117
2025-06-14,5,6,1,Karol Bagh,9,3.17,BAKERY,39.9,43,47,40,135
2025-06-15,6,6,1,Connaught Place,4,3.39,OTHER,37.1,86,98,96,160
2025-06-16,0,6,0,Karol Bagh,9,3.73,PACKAGED_FOOD,32.3,99,108,89,175
2025-06-17,1,6,0,Connaught Place,4,4.54,PRODUCE_FRUITS,32.1,33,33,31,91
2025-06-18,2,6,0,Lajpat Nagar,8,3.95,COOKED_MEALS,33.1,82,74,79,154
2025-06-19,3,6,0,Dwarka,5,2.57,PACKAGED_FOOD,39.2,21,18,23,74
2025-06-20,4,6,0,South Extension,6,3.72,PRODUCE_FRUITS,37.3,69,68,67,124
2025-06-21,5,6,1,South Extension,6,2.64,COOKED_MEALS,35.4,101,103,102,207
2025-06-22,6,6,1,Connaught Place,4,1.65,DAIRY,43.8,22,18,20,91
2025-06-23,0,6,0,Connaught Place,4,2.46,COOKED_MEALS,32.1,110,107,93,169
2025-06-24,1,6,0,Karol Bagh,9,3.82,PACKAGED_FOOD,38.7,100,109,82,174
2025-06-25,2,6,0,South Extension,6,3.02,COOKED_MEALS,42.3,88,86,84,153
2025-06-26,3,6,0,Dwarka,5,2.88,COOKED_MEALS,36.9,56,50,66,103
2025-06-27,4,6,0,Connaught Place,4,1.79,OTHER,33.3,70,71,70,114
2025-06-28,5,6,1,Lodhi Colony,7,4.37,BEVERAGES,36.1,57,61,47,141
2025-06-29,6,6,1,Lajpat Nagar,8,4.49,PRODUCE_FRUITS,36.2,119,124,102,210
2025-06-30,0,6,0,South Extension,6,1.98,BAKERY,34.1,34,36,36,89
2025-07-01,1,7,0,Lodhi Colony,7,3.03,PACKAGED_FOOD,41.1,72,75,83,144
2025-07-02,2,7,0,Dwarka,5,3.6,PACKAGED_FOOD,35.9,95,89,92,137
2025-07-03,3,7,0,Rohini,7,2.41,COOKED_MEALS,36.2,24,22,23,91
2025-07-04,4,7,0,South Extension,6,2.72,PRODUCE_FRUITS,32.9,26,26,26,66
2025-07-05,5,7,1,Rohini,7,3.94,COOKED_MEALS,37.4,118,120,103,223
2025-07-06,6,7,1,Karol Bagh,9,3.07,BAKERY,43.5,72,63,83,163
2025-07-07,0,7,0,Karol Bagh,9,3.63,COOKED_MEALS,35.0,71,81,71,161
2025-07-08,1,7,0,Karol Bagh,9,2.02,PRODUCE_FRUITS,43.0,64,62,59,118
2025-07-09,2,7,0,Dwarka,5,2.6,PRODUCE_FRUITS,33.1,101,97,90,142
2025-07-10,3,7,0,Rohini,7,3.67,PACKAGED_FOOD,42.5,57,49,60,125
2025-07-11,4,7,0,Dwarka,5,3.8,DAIRY,33.5,105,118,97,155
2025-07-12,5,7,1,Lodhi Colony,7,3.62,PRODUCE_FRUITS,41.8,100,106,117,209
2025-07-13,6,7,1,South Extension,6,3.63,DAIRY,38.1,17,16,14,99
2025-07-14,0,7,0,Lajpat Nagar,8,2.63,OTHER,37.8,43,49,37,100
2025-07-15,1,7,0,Karol Bagh,9,4.04,OTHER,40.9,82,70,76,168
2025-07-16,2,7,0,Rohini,7,3.54,PACKAGED_FOOD,36.5,35,31,37,81
2025-07-17,3,7,0,Dwarka,5,2.94,DAIRY,36.4,107,98,104,146
2025-07-18,4,7,0,Connaught Place,4,3.98,OTHER,37.4,83,76,98,136
2025-07-19,5,7,1,Lajpat Nagar,8,2.71,PACKAGED_FOOD,43.8,74,79,82,149
2025-07-20,6,7,1,Karol Bagh,9,3.24,BAKERY,41.8,117,120,134,226
2025-07-21,0,7,0,Connaught Place,4,3.33,COOKED_MEALS,40.5,81,89,74,142
2025-07-22,1,7,0,Rohini,7,2.03,DAIRY,42.9,33,36,27,101
2025-07-23,2,7,0,Connaught Place,4,4.57,DAIRY,32.6,79,76,75,121
2025-07-24,3,7,0,South Extension,6,2.74,COOKED_MEALS,35.8,27,29,28,89
2025-07-25,4,7,0,Connaught Place,4,4.53,DAIRY,40.4,32,34,31,77
2025-07-26,5,7,1,Karol Bagh,9,1.52,COOKED_MEALS,32.2,42,46,42,139
2025-07-27,6,7,1,South Extension,6,4.06,BAKERY,35.6,21,19,22,94
2025-07-28,0,7,0,Karol Bagh,9,3.01,COOKED_MEALS,42.0,78,80,62,152
2025-07-29,1,7,0,Lajpat Nagar,8,2.46,COOKED_MEALS,39.4,45,45,39,115
2025-07-30,2,7,0,Dwarka,5,1.78,PRODUCE_FRUITS,32.8,82,83,91,126
2025-07-31,3,7,0,Rohini,7,3.05,BEVERAGES,36.6,62,57,50,120
2025-08-01,4,8,0,Rohini,7,1.72,BAKERY,31.3,95,83,98,150
2025-08-02,5,8,1,Connaught Place,4,3.3,OTHER,30.4,114,120,135,185
2025-08-03,6,8,1,Lodhi Colony,7,3.58,OTHER,25.3,106,114,104,193
2025-08-04,0,8,0,Lajpat Nagar,8,4.42,PRODUCE_FRUITS,33.3,80,77,90,150
2025-08-05,1,8,0,Lodhi Colony,7,2.34,OTHER,30.5,51,48,56,110
2025-08-06,2,8,0,South Extension,6,4.14,DAIRY,32.9,110,108,130,164
2025-08-07,3,8,0,Connaught Place,4,4.71,DAIRY,30.9,62,69,62,115
2025-08-08,4,8,0,South Extension,6,2.92,OTHER,25.8,52,49,43,90
2025-08-09,5,8,1,Dwarka,5,2.48,DAIRY,30.0,69,62,67,131
2025-08-10,6,8,1,Connaught Place,4,3.53,DAIRY,26.7,116,131,96,195
2025-08-11,0,8,0,Dwarka,5,2.84,PACKAGED_FOOD,32.0,101,90,82,158
2025-08-12,1,8,0,Lodhi Colony,7,1.61,COOKED_MEALS,26.4,97,93,92,150
2025-08-13,2,8,0,Karol Bagh,9,1.61,BAKERY,30.8,62,59,68,115
2025-08-14,3,8,0,Lodhi Colony,7,2.54,PRODUCE_FRUITS,26.5,29,24,25,77
2025-08-15,4,8,0,Karol Bagh,9,2.78,PACKAGED_FOOD,25.2,114,105,111,187
2025-08-16,5,8,1,Lodhi Colony,7,2.16,BAKERY,32.5,72,64,78,155
2025-08-17,6,8,1,South Extension,6,4.17,OTHER,33.9,100,95,82,171
2025-08-18,0,8,0,Rohini,7,2.02,BEVERAGES,33.3,96,86,90,148
2025-08-19,1,8,0,Lajpat Nagar,8,1.9,BAKERY,31.9,45,48,36,95
2025-08-20,2,8,0,Rohini,7,4.74,BAKERY,30.1,26,22,24,84
2025-08-21,3,8,0,Dwarka,5,3.87,PACKAGED_FOOD,28.1,67,73,55,129
2025-08-22,4,8,0,Lodhi Colony,7,3.04,PACKAGED_FOOD,27.4,114,115,118,171
2025-08-23,5,8,1,Rohini,7,4.69,DAIRY,29.0,22,24,22,108
2025-08-24,6,8,1,Dwarka,5,2.24,PACKAGED_FOOD,32.9,25,23,26,102
2025-08-25,0,8,0,Karol Bagh,9,2.41,BEVERAGES,27.0,83,72,87,138
2025-08-26,1,8,0,Lajpat Nagar,8,3.67,BEVERAGES,33.0,58,63,59,116
2025-08-27,2,8,0,Rohini,7,4.35,COOKED_MEALS,24.5,97,104,87,171
2025-08-28,3,8,0,Karol Bagh,9,3.61,DAIRY,32.9,84,78,99,164
2025-08-29,4,8,0,Lodhi Colony,7,2.31,OTHER,30.8,53,52,56,112
2025-08-30,5,8,1,Lodhi Colony,7,2.17,PACKAGED_FOOD,25.4,106,100,126,196
2025-08-31,6,8,1,Connaught Place,4,4.72,BAKERY,31.6,80,81,74,152
2025-09-01,0,9,0,Lajpat Nagar,8,1.96,COOKED_MEALS,26.9,64,70,61,133
2025-09-02,1,9,0,Rohini,7,4.48,OTHER,27.3,88,93,77,164
2025-09-03,2,9,0,Lodhi Colony,7,3.15,PRODUCE_FRUITS,29.0,26,29,26,104
2025-09-04,3,9,0,Lajpat Nagar,8,2.21,PRODUCE_FRUITS,24.5,51,50,58,103
2025-09-05,4,9,0,Karol Bagh,9,1.53,COOKED_MEALS,28.3,48,51,53,110
2025-09-06,5,9,1,Connaught Place,4,1.65,COOKED_MEALS,29.7,39,37,35,108
2025-09-07,6,9,1,Karol Bagh,9,2.42,PACKAGED_FOOD,30.8,30,26,25,126
2025-09-08,0,9,0,Connaught Place,4,4.12,PRODUCE_FRUITS,29.6,61,65,53,98
2025-09-09,1,9,0,South Extension,6,1.63,BEVERAGES,27.3,75,75,64,122
2025-09-10,2,9,0,Karol Bagh,9,1.96,PACKAGED_FOOD,27.2,65,74,71,125
2025-09-11,3,9,0,Rohini,7,3.18,DAIRY,31.1,53,52,42,117
2025-09-12,4,9,0,Connaught Place,4,3.72,DAIRY,29.8,116,129,133,157
2025-09-13,5,9,1,Connaught Place,4,4.69,OTHER,33.7,89,91,96,160
2025-09-14,6,9,1,Karol Bagh,9,3.09,PACKAGED_FOOD,30.3,94,101,89,192
2025-09-15,0,9,0,Karol Bagh,9,4.63,COOKED_MEALS,25.9,71,67,61,146
2025-09-16,1,9,0,Dwarka,5,2.17,PACKAGED_FOOD,31.7,75,83,82,125
2025-09-17,2,9,0,Lajpat Nagar,8,3.35,BEVERAGES,28.8,63,59,54,127
2025-09-18,3,9,0,Karol Bagh,9,2.63,PRODUCE_FRUITS,30.8,107,112,119,173
2025-09-19,4,9,0,Lajpat Nagar,8,2.42,PRODUCE_FRUITS,26.2,53,57,57,120
2025-09-20,5,9,1,Dwarka,5,3.83,PRODUCE_FRUITS,28.8,86,97,96,165
2025-09-21,6,9,1,Dwarka,5,3.29,DAIRY,32.2,113,123,103,197
2025-09-22,0,9,0,Connaught Place,4,4.65,COOKED_MEALS,27.5,71,74,78,133
2025-09-23,1,9,0,Connaught Place,4,4.58,BEVERAGES,26.7,28,28,28,88
2025-09-24,2,9,0,Lajpat Nagar,8,1.67,PACKAGED_FOOD,26.3,44,38,42,98
2025-09-25,3,9,0,Rohini,7,1.95,PACKAGED_FOOD,33.8,35,34,41,84
2025-09-26,4,9,0,Lodhi Colony,7,3.08,BAKERY,31.6,51,48,53,111
2025-09-27,5,9,1,Karol Bagh,9,2.27,BEVERAGES,31.2,19,21,16,107
2025-09-28,6,9,1,Rohini,7,2.08,COOKED_MEALS,34.0,65,70,56,158
2025-09-29,0,9,0,Connaught Place,4,4.39,COOKED_MEALS,27.0,92,81,109,134
2025-09-30,1,9,0,Connaught Place,4,3.0,BEVERAGES,29.4,78,87,66,115
2025-10-01,2,10,0,Rohini,7,1.87,BAKERY,31.3,97,89,84,152
2025-10-02,3,10,0,Dwarka,5,2.61,PRODUCE_FRUITS,29.7,111,100,115,155
2025-10-03,4,10,0,Lodhi Colony,7,3.2,COOKED_MEALS,28.0,27,24,23,86
2025-10-04,5,10,1,Connaught Place,4,4.59,COOKED_MEALS,26.6,45,44,40,125
2025-10-05,6,10,1,Karol Bagh,9,1.54,BEVERAGES,27.6,45,39,38,142
2025-10-06,0,10,0,Connaught Place,4,2.03,BEVERAGES,29.0,105,113,112,135
2025-10-07,1,10,0,Connaught Place,4,3.53,BAKERY,33.6,76,68,83,108
2025-10-08,2,10,0,Karol Bagh,9,2.73,BEVERAGES,29.5,75,80,84,147
2025-10-09,3,10,0,Dwarka,5,3.99,OTHER,31.9,82,80,88,122
2025-10-10,4,10,0,South Extension,6,4.53,COOKED_MEALS,24.6,85,95,74,147
2025-10-11,5,10,1,Rohini,7,3.22,COOKED_MEALS,30.8,106,108,88,203
2025-10-12,6,10,1,Karol Bagh,9,2.97,COOKED_MEALS,28.5,80,77,82,173
2025-10-13,0,10,0,Connaught Place,4,3.89,DAIRY,26.5,15,16,15,54
2025-10-14,1,10,0,South Extension,6,2.9,BEVERAGES,24.6,22,24,18,72
2025-10-15,2,10,0,Lodhi Colony,7,2.09,BAKERY,31.7,108,112,104,164
2025-10-16,3,10,0,Lodhi Colony,7,2.98,DAIRY,27.8,102,116,117,171
2025-10-17,4,10,0,South Extension,6,2.09,PACKAGED_FOOD,27.9,31,33,27,90
2025-10-18,5,10,1,South Extension,6,4.0,PRODUCE_FRUITS,28.6,107,108,108,195
2025-10-19,6,10,1,Connaught Place,4,2.01,BAKERY,33.4,107,115,86,173
2025-10-20,0,10,0,Dwarka,5,2.88,OTHER,33.4,17,15,14,56
2025-10-21,1,10,0,Dwarka,5,3.82,COOKED_MEALS,26.4,20,19,17,72
2025-10-22,2,10,0,Lajpat Nagar,8,3.99,OTHER,24.6,79,90,70,152
2025-10-23,3,10,0,Karol Bagh,9,3.47,BEVERAGES,32.2,45,42,38,107
2025-10-24,4,10,0,Dwarka,5,3.22,DAIRY,27.0,22,22,22,67
2025-10-25,5,10,1,Dwarka,5,2.91,DAIRY,24.5,59,66,63,128
2025-10-26,6,10,1,Rohini,7,3.23,BEVERAGES,28.2,34,31,29,112
2025-10-27,0,10,0,Lajpat Nagar,8,2.49,BEVERAGES,25.4,74,83,75,132
2025-10-28,1,10,0,Lodhi Colony,7,3.34,BAKERY,27.9,47,42,49,117
2025-10-29,2,10,0,South Extension,6,3.27,OTHER,25.9,49,47,51,93
2025-10-30,3,10,0,South Extension,6,4.38,BAKERY,32.0,90,96,92,133
2025-10-31,4,10,0,Connaught Place,4,2.5,COOKED_MEALS,26.1,39,44,33,91
2025-11-01,5,11,1,Rohini,7,3.08,BAKERY,31.0,105,95,122,179
2025-11-02,6,11,1,Lodhi Colony,7,3.04,BEVERAGES,27.6,48,45,55,127
2025-11-03,0,11,0,Lodhi Colony,7,1.83,BEVERAGES,28.7,55,61,52,98
2025-11-04,1,11,0,Lajpat Nagar,8,3.95,COOKED_MEALS,26.6,89,91,86,169
2025-11-05,2,11,0,Lajpat Nagar,8,2.15,BAKERY,27.8,46,45,48,101
2025-11-06,3,11,0,Rohini,7,3.11,BEVERAGES,30.4,77,76,84,129
2025-11-07,4,11,0,Connaught Place,4,2.06,BEVERAGES,29.5,38,42,38,75
2025-11-08,5,11,1,South Extension,6,4.27,COOKED_MEALS,33.5,100,86,80,195
2025-11-09,6,11,1,Lajpat Nagar,8,4.28,BAKERY,24.7,34,28,34,117
2025-11-10,0,11,0,Dwarka,5,4.58,DAIRY,30.6,17,14,17,76
2025-11-11,1,11,0,South Extension,6,1.56,BEVERAGES,26.7,51,43,57,91
2025-11-12,2,11,0,Lajpat Nagar,8,1.85,COOKED_MEALS,29.2,45,40,45,99
2025-11-13,3,11,0,Rohini,7,2.67,OTHER,28.0,62,70,60,118
2025-11-14,4,11,0,Connaught Place,4,3.76,OTHER,24.8,98,105,82,156
2025-11-15,5,11,1,Lodhi Colony,7,2.74,DAIRY,24.6,16,16,13,103
2025-11-16,6,11,1,Connaught Place,4,3.37,OTHER,33.7,82,92,73,147
2025-11-17,0,11,0,Rohini,7,3.78,PACKAGED_FOOD,28.8,20,22,21,75
2025-11-18,1,11,0,Dwarka,5,1.61,OTHER,27.1,41,42,45,92
2025-11-19,2,11,0,Dwarka,5,4.21,COOKED_MEALS,27.0,87,80,98,136
2025-11-20,3,11,0,Connaught Place,4,2.77,BEVERAGES,25.4,103,109,103,157
2025-11-21,4,11,0,Connaught Place,4,1.68,DAIRY,26.3,24,22,26,68
2025-11-22,5,11,1,Rohini,7,2.58,BEVERAGES,26.7,72,71,67,153
2025-11-23,6,11,1,Lodhi Colony,7,2.93,BEVERAGES,29.9,63,55,65,151
2025-11-24,0,11,0,South Extension,6,2.38,DAIRY,31.1,96,86,91,136
2025-11-25,1,11,0,Connaught Place,4,1.85,COOKED_MEALS,33.4,71,68,64,125
2025-11-26,2,11,0,Lodhi Colony,7,3.34,PACKAGED_FOOD,28.1,18,15,18,77
2025-11-27,3,11,0,Karol Bagh,9,3.47,PRODUCE_FRUITS,32.6,16,15,15,96
2025-11-28,4,11,0,Lajpat Nagar,8,3.39,BAKERY,30.9,36,32,33,106
2025-11-29,5,11,1,Lodhi Colony,7,1.98,BAKERY,28.3,68,63,75,137
2025-11-30,6,11,1,Dwarka,5,3.56,PACKAGED_FOOD,30.2,73,64,67,166
2025-12-01,0,12,0,Lodhi Colony,7,2.6,PACKAGED_FOOD,15.8,57,55,55,114
2025-12-02,1,12,0,Karol Bagh,9,1.95,PRODUCE_FRUITS,18.0,103,93,95,154
2025-12-03,2,12,0,Lodhi Colony,7,4.7,PRODUCE_FRUITS,19.3,96,95,98,158
2025-12-04,3,12,0,Rohini,7,4.09,PRODUCE_FRUITS,13.1,87,79,104,152
2025-12-05,4,12,0,Lajpat Nagar,8,3.75,PACKAGED_FOOD,12.3,108,106,117,163
2025-12-06,5,12,1,Dwarka,5,1.73,OTHER,20.0,67,70,57,139
2025-12-07,6,12,1,Connaught Place,4,2.3,BEVERAGES,13.5,69,74,57,143
2025-12-08,0,12,0,Lodhi Colony,7,3.26,OTHER,18.9,84,72,99,139
2025-12-09,1,12,0,Dwarka,5,4.46,PACKAGED_FOOD,17.9,25,22,22,70
2025-12-10,2,12,0,Karol Bagh,9,1.65,BEVERAGES,18.8,66,75,61,121
2025-12-11,3,12,0,Rohini,7,2.92,COOKED_MEALS,13.0,43,43,43,95
2025-12-12,4,12,0,Lodhi Colony,7,2.73,DAIRY,19.7,90,95,77,140
2025-12-13,5,12,1,South Extension,6,3.09,PRODUCE_FRUITS,16.2,25,22,29,105
2025-12-14,6,12,1,Lodhi Colony,7,4.09,PACKAGED_FOOD,16.8,75,65,81,166
2025-12-15,0,12,0,Lodhi Colony,7,2.55,PRODUCE_FRUITS,12.4,105,92,119,151
2025-12-16,1,12,0,Lajpat Nagar,8,4.57,BEVERAGES,14.4,37,37,34,88
2025-12-17,2,12,0,Lodhi Colony,7,4.66,BAKERY,20.0,95,86,100,154
2025-12-18,3,12,0,Karol Bagh,9,4.41,DAIRY,17.9,64,54,56,132
2025-12-19,4,12,0,Connaught Place,4,3.98,OTHER,20.0,88,77,101,136
2025-12-20,5,12,1,Lodhi Colony,7,1.88,BEVERAGES,20.6,82,93,75,168
2025-12-21,6,12,1,Lodhi Colony,7,3.52,PACKAGED_FOOD,13.1,60,66,62,147
2025-12-22,0,12,0,Connaught Place,4,4.53,PACKAGED_FOOD,12.8,32,30,28,63
2025-12-23,1,12,0,South Extension,6,2.1,BEVERAGES,13.4,64,62,54,105
2025-12-24,2,12,0,Dwarka,5,3.27,BEVERAGES,21.3,37,37,36,86
2025-12-25,3,12,0,Lajpat Nagar,8,2.12,OTHER,16.5,21,23,24,69
2025-12-26,4,12,0,Lodhi Colony,7,4.68,PACKAGED_FOOD,18.5,67,70,64,127
2025-12-27,5,12,1,Rohini,7,2.96,BAKERY,12.8,18,19,15,102
2025-12-28,6,12,1,Connaught Place,4,2.06,DAIRY,17.7,113,122,115,182
2025-12-29,0,12,0,South Extension,6,3.39,PRODUCE_FRUITS,19.8,120,137,122,174
2025-12-30,1,12,0,Lodhi Colony,7,3.3,DAIRY,13.0,98,105,90,140
2025-12-31,2,12,0,South Extension,6,2.98,PRODUCE_FRUITS,20.6,26,25,31,75
2025-01-01,2,1,0,Rohini,7,3.93,BEVERAGES,15.5,105,108,101,157
2025-01-02,3,1,0,Karol Bagh,9,1.96,BAKERY,20.1,118,102,110,179
2025-01-03,4,1,0,Connaught Place,4,4.73,PRODUCE_FRUITS,14.9,49,55,49,103
2025-01-04,5,1,1,Dwarka,5,4.19,BAKERY,21.6,115,111,94,193
2025-01-05,6,1,1,Dwarka,5,4.36,BAKERY,13.5,56,61,61,143
2025-01-06,0,1,0,Dwarka,5,2.8,BAKERY,17.8,49,50,46,105
2025-01-07,1,1,0,Rohini,7,1.81,PACKAGED_FOOD,19.5,103,116,97,162
2025-01-08,2,1,0,Lodhi Colony,7,2.58,COOKED_MEALS,20.7,108,94,128,165
2025-01-09,3,1,0,Rohini,7,1.71,PACKAGED_FOOD,16.0,69,75,68,109
2025-01-10,4,1,0,Connaught Place,4,4.23,PRODUCE_FRUITS,17.5,31,31,30,67
2025-01-11,5,1,1,South Extension,6,1.65,BEVERAGES,19.8,73,62,85,157
2025-01-12,6,1,1,Lajpat Nagar,8,2.96,COOKED_MEALS,21.9,69,62,74,174
2025-01-13,0,1,0,Lajpat Nagar,8,4.39,PRODUCE_FRUITS,12.9,61,56,57,131
2025-01-14,1,1,0,Dwarka,5,2.05,DAIRY,18.3,107,113,95,144
2025-01-15,2,1,0,South Extension,6,2.2,COOKED_MEALS,13.3,43,43,42,87
2025-01-16,3,1,0,South Extension,6,3.8,OTHER,13.2,69,73,68,120
2025-01-17,4,1,0,Rohini,7,1.84,PRODUCE_FRUITS,15.7,53,47,58,105
2025-01-18,5,1,1,Rohini,7,4.39,BEVERAGES,21.9,33,28,33,115
2025-01-19,6,1,1,Connaught Place,4,3.88,BEVERAGES,19.5,67,69,65,136
2025-01-20,0,1,0,Lajpat Nagar,8,1.79,COOKED_MEALS,13.4,30,30,28,98
2025-01-21,1,1,0,Lajpat Nagar,8,2.32,BEVERAGES,12.8,85,87,92,139
2025-01-22,2,1,0,Connaught Place,4,4.07,BEVERAGES,12.3,99,110,87,139
2025-01-23,3,1,0,Lodhi Colony,7,2.48,COOKED_MEALS,19.8,116,131,115,178
2025-01-24,4,1,0,South Extension,6,2.3,BEVERAGES,17.9,82,91,65,125
2025-01-25,5,1,1,Lodhi Colony,7,4.34,PACKAGED_FOOD,16.2,84,88,92,176
2025-01-26,6,1,1,Rohini,7,1.74,PACKAGED_FOOD,12.7,48,43,56,131
2025-01-27,0,1,0,Connaught Place,4,3.57,PACKAGED_FOOD,19.7,69,73,57,109
2025-01-28,1,1,0,Karol Bagh,9,3.27,BAKERY,14.8,54,47,63,121
2025-01-29,2,1,0,Connaught Place,4,2.79,BEVERAGES,19.6,98,103,80,139
2025-01-30,3,1,0,Dwarka,5,2.94,OTHER,14.4,46,40,44,78
2025-01-31,4,1,0,Connaught Place,4,3.7,BEVERAGES,19.4,30,25,25,74
2025-02-01,5,2,1,South Extension,6,2.04,PRODUCE_FRUITS,17.2,115,126,103,182
2025-02-02,6,2,1,Rohini,7,2.39,COOKED_MEALS,19.7,18,17,17,116
2025-02-03,0,2,0,Karol Bagh,9,1.71,BEVERAGES,21.8,95,82,93,150
2025-02-04,1,2,0,Karol Bagh,9,2.05,BAKERY,14.6,28,31,29,92
2025-02-05,2,2,0,South Extension,6,2.25,PACKAGED_FOOD,12.0,16,14,15,56
2025-02-06,3,2,0,Rohini,7,1.62,OTHER,21.1,109,114,96,164
2025-02-07,4,2,0,Lajpat Nagar,8,2.87,BEVERAGES,15.2,120,104,113,163
2025-02-08,5,2,1,Lajpat Nagar,8,2.24,PACKAGED_FOOD,21.8,66,57,65,151
2025-02-09,6,2,1,Connaught Place,4,4.05,PRODUCE_FRUITS,15.3,85,83,80,153
2025-02-10,0,2,0,Dwarka,5,3.55,DAIRY,15.7,78,89,86,138
2025-02-11,1,2,0,Dwarka,5,4.47,OTHER,20.0,34,28,32,83
2025-02-12,2,2,0,Rohini,7,3.79,COOKED_MEALS,21.5,15,16,14,87
2025-02-13,3,2,0,Dwarka,5,3.9,COOKED_MEALS,14.1,45,43,53,105
2025-02-14,4,2,0,Connaught Place,4,1.81,BAKERY,21.0,81,78,93,118
2025-02-15,5,2,1,Lodhi Colony,7,4.72,COOKED_MEALS,17.8,79,70,89,186
2025-02-16,6,2,1,Lodhi Colony,7,3.69,BAKERY,14.4,48,53,56,135
2025-02-17,0,2,0,Lodhi Colony,7,3.81,BEVERAGES,15.3,72,67,59,132
2025-02-18,1,2,0,Karol Bagh,9,1.86,COOKED_MEALS,13.6,74,69,62,156
2025-02-19,2,2,0,Connaught Place,4,4.68,BAKERY,16.5,74,68,62,126
2025-02-20,3,2,0,Rohini,7,3.83,PACKAGED_FOOD,12.4,56,50,60,121
2025-02-21,4,2,0,Connaught Place,4,2.81,COOKED_MEALS,18.8,48,52,41,112
2025-02-22,5,2,1,Karol Bagh,9,3.97,BAKERY,12.9,28,30,23,114
2025-02-23,6,2,1,South Extension,6,1.7,OTHER,21.8,31,28,29,96
2025-02-24,0,2,0,South Extension,6,3.42,PRODUCE_FRUITS,21.2,24,20,19,56
2025-02-25,1,2,0,Dwarka,5,2.96,BAKERY,12.9,118,112,96,159
2025-02-26,2,2,0,Karol Bagh,9,2.93,BEVERAGES,15.9,18,17,17,79
2025-02-27,3,2,0,Connaught Place,4,2.21,BAKERY,14.7,72,80,58,105
2025-02-28,4,2,0,Connaught Place,4,3.15,PACKAGED_FOOD,16.8,26,24,22,60
2025-03-01,5,3,1,Lajpat Nagar,8,3.62,OTHER,29.3,95,109,96,195
2025-03-02,6,3,1,Dwarka,5,2.69,PACKAGED_FOOD,31.8,59,66,59,135
2025-03-03,0,3,0,Lodhi Colony,7,2.39,COOKED_MEALS,27.2,43,36,48,103
2025-03-04,1,3,0,Lodhi Colony,7,3.25,OTHER,29.8,44,50,36,115
2025-03-05,2,3,0,Dwarka,5,2.3,PACKAGED_FOOD,32.2,109,94,130,160
2025-03-06,3,3,0,Rohini,7,2.78,OTHER,33.9,37,33,38,108
2025-03-07,4,3,0,Rohini,7,3.94,PRODUCE_FRUITS,33.1,18,19,16,72
2025-03-08,5,3,1,Lajpat Nagar,8,4.26,OTHER,32.8,78,78,67,171
2025-03-09,6,3,1,South Extension,6,1.8,BAKERY,30.0,17,17,13,96
2025-03-10,0,3,0,Lajpat Nagar,8,2.62,BAKERY,33.2,56,48,48,114
2025-03-11,1,3,0,Dwarka,5,4.53,OTHER,25.1,82,90,97,121
2025-03-12,2,3,0,Lodhi Colony,7,3.43,PRODUCE_FRUITS,27.0,32,36,34,101
2025-03-13,3,3,0,Lodhi Colony,7,4.11,DAIRY,30.5,37,39,37,105
2025-03-14,4,3,0,Connaught Place,4,2.24,PACKAGED_FOOD,32.1,63,59,67,97
2025-03-15,5,3,1,Lajpat Nagar,8,2.09,COOKED_MEALS,33.5,88,85,105,188
2025-03-16,6,3,1,Karol Bagh,9,2.55,OTHER,33.7,43,44,36,135
2025-03-17,0,3,0,Lodhi Colony,7,1.96,BEVERAGES,24.8,59,67,51,114
2025-03-18,1,3,0,Dwarka,5,3.71,BEVERAGES,32.9,72,61,63,121
2025-03-19,2,3,0,Dwarka,5,1.72,PRODUCE_FRUITS,31.9,107,90,102,151
2025-03-20,3,3,0,Lodhi Colony,7,3.13,DAIRY,27.5,63,55,62,99
2025-03-21,4,3,0,Rohini,7,3.41,OTHER,30.9,35,34,39,93
2025-03-22,5,3,1,Connaught Place,4,4.64,COOKED_MEALS,27.4,63,56,52,149
2025-03-23,6,3,1,South Extension,6,2.62,PACKAGED_FOOD,32.9,105,90,123,195
2025-03-24,0,3,0,Lajpat Nagar,8,1.68,PRODUCE_FRUITS,26.1,39,37,39,108
2025-03-25,1,3,0,Dwarka,5,3.28,BEVERAGES,26.8,45,39,43,83
2025-03-26,2,3,0,South Extension,6,2.69,DAIRY,24.9,120,125,124,170
2025-03-27,3,3,0,Lajpat Nagar,8,1.82,BAKERY,25.7,52,59,51,118
2025-03-28,4,3,0,Lodhi Colony,7,3.11,BEVERAGES,26.7,97,98,84,164
2025-03-29,5,3,1,Lodhi Colony,7,2.72,DAIRY,24.4,71,70,63,154
2025-03-30,6,3,1,Rohini,7,3.8,COOKED_MEALS,24.9,59,64,56,158
2025-03-31,0,3,0,Rohini,7,3.45,PACKAGED_FOOD,24.6,64,70,61,105
2025-04-01,1,4,0,Lodhi Colony,7,3.39,BAKERY,28.8,25,24,28,77
2025-04-02,2,4,0,South Extension,6,3.16,PACKAGED_FOOD,32.0,101,115,86,164
2025-04-03,3,4,0,Lajpat Nagar,8,4.71,OTHER,25.9,20,19,23,81
2025-04-04,4,4,0,Lodhi Colony,7,2.17,OTHER,30.3,91,84,105,149
2025-04-05,5,4,1,Lodhi Colony,7,3.34,PACKAGED_FOOD,27.3,50,50,58,133
2025-04-06,6,4,1,South Extension,6,4.1,PACKAGED_FOOD,29.9,115,112,111,208
2025-04-07,0,4,0,Rohini,7,4.68,COOKED_MEALS,33.2,87,94,96,170
2025-04-08,1,4,0,Rohini,7,3.27,PRODUCE_FRUITS,32.8,48,46,47,104
2025-04-09,2,4,0,Connaught Place,4,2.83,PACKAGED_FOOD,30.1,103,99,98,146
2025-04-10,3,4,0,Connaught Place,4,3.78,COOKED_MEALS,31.5,49,54,39,107
2025-04-11,4,4,0,Connaught Place,4,4.28,OTHER,31.0,27,30,24,67
2025-04-12,5,4,1,Connaught Place,4,4.71,DAIRY,31.7,56,52,54,130
2025-04-13,6,4,1,Lajpat Nagar,8,4.51,DAIRY,31.4,112,112,106,205
2025-04-14,0,4,0,South Extension,6,3.2,BAKERY,24.7,105,105,89,168
2025-04-15,1,4,0,South Extension,6,2.07,OTHER,26.0,22,20,21,55
2025-04-16,2,4,0,Connaught Place,4,3.83,PRODUCE_FRUITS,27.7,74,74,78,121
2025-04-17,3,4,0,Connaught Place,4,3.11,DAIRY,25.8,75,76,70,120
2025-04-18,4,4,0,Lajpat Nagar,8,4.26,PRODUCE_FRUITS,31.5,103,90,83,186
2025-04-19,5,4,1,Rohini,7,4.68,OTHER,26.2,43,45,39,136
2025-04-20,6,4,1,Lodhi Colony,7,3.19,OTHER,31.8,113,119,111,205
2025-04-21,0,4,0,Rohini,7,1.53,PRODUCE_FRUITS,30.1,54,57,58,109
2025-04-22,1,4,0,Connaught Place,4,2.9,DAIRY,32.5,73,67,72,110
2025-04-23,2,4,0,Lodhi Colony,7,3.43,COOKED_MEALS,29.1,99,112,112,155
2025-04-24,3,4,0,Karol Bagh,9,3.64,PACKAGED_FOOD,26.8,102,90,84,182
2025-04-25,4,4,0,Rohini,7,2.41,BEVERAGES,31.1,98,92,84,154
2025-04-26,5,4,1,Rohini,7,2.29,COOKED_MEALS,32.1,117,127,112,211
2025-04-27,6,4,1,South Extension,6,3.66,PRODUCE_FRUITS,26.6,68,66,74,154
2025-04-28,0,4,0,Karol Bagh,9,3.84,PACKAGED_FOOD,32.2,58,61,51,113
2025-04-29,1,4,0,Dwarka,5,2.68,PRODUCE_FRUITS,32.5,99,110,86,145
2025-04-30,2,4,0,South Extension,6,3.05,BEVERAGES,26.6,118,120,137,189
2025-05-01,3,5,0,Dwarka,5,1.79,PRODUCE_FRUITS,34.7,54,52,62,93
2025-05-02,4,5,0,Connaught Place,4,2.36,PRODUCE_FRUITS,37.6,30,29,34,55
2025-05-03,5,5,1,South Extension,6,3.06,BAKERY,38.0,102,98,93,177
2025-05-04,6,5,1,South Extension,6,4.37,BAKERY,33.6,40,38,47,143
2025-05-05,0,5,0,Lajpat Nagar,8,2.54,BEVERAGES,34.2,25,24,26,69
2025-05-06,1,5,0,Lajpat Nagar,8,2.53,COOKED_MEALS,32.1,50,45,55,115
2025-05-07,2,5,0,Rohini,7,4.02,COOKED_MEALS,33.6,70,72,67,139
2025-05-08,3,5,0,Lodhi Colony,7,2.76,COOKED_MEALS,38.4,108,103,87,172
2025-05-09,4,5,0,Lajpat Nagar,8,1.56,COOKED_MEALS,39.5,46,42,52,128
2025-05-10,5,5,1,Connaught Place,4,1.93,DAIRY,38.0,54,48,60,121
2025-05-11,6,5,1,Dwarka,5,3.22,PACKAGED_FOOD,36.1,102,117,95,188
2025-05-12,0,5,0,Lodhi Colony,7,2.69,BAKERY,34.0,118,114,105,177
2025-05-13,1,5,0,Dwarka,5,1.57,PACKAGED_FOOD,34.0,61,64,68,101
2025-05-14,2,5,0,Lodhi Colony,7,4.39,PRODUCE_FRUITS,41.3,94,81,112,153
2025-05-15,3,5,0,South Extension,6,1.66,COOKED_MEALS,37.0,63,55,56,113
2025-05-16,4,5,0,Dwarka,5,2.01,BEVERAGES,40.2,16,15,17,57
2025-05-17,5,5,1,Karol Bagh,9,3.81,DAIRY,42.0,28,28,29,120
2025-05-18,6,5,1,Connaught Place,4,1.88,COOKED_MEALS,38.0,92,83,83,168
2025-05-19,0,5,0,Dwarka,5,2.85,BAKERY,32.5,78,87,83,126
2025-05-20,1,5,0,Lodhi Colony,7,2.59,COOKED_MEALS,32.2,26,29,29,88
2025-05-21,2,5,0,South Extension,6,4.07,COOKED_MEALS,40.7,27,30,28,90
2025-05-22,3,5,0,Lodhi Colony,7,4.76,PRODUCE_FRUITS,35.2,21,18,18,89
2025-05-23,4,5,0,Rohini,7,3.73,DAIRY,40.9,27,29,31,89
2025-05-24,5,5,1,South Extension,6,4.31,BEVERAGES,39.8,57,54,55,132
2025-05-25,6,5,1,South Extension,6,2.73,PRODUCE_FRUITS,34.2,66,64,64,135
2025-05-26,0,5,0,Rohini,7,2.77,OTHER,37.7,68,71,76,136
2025-05-27,1,5,0,South Extension,6,4.74,OTHER,33.9,68,76,67,135
2025-05-28,2,5,0,Karol Bagh,9,3.74,BAKERY,39.3,114,109,92,181
2025-05-29,3,5,0,Lajpat Nagar,8,3.09,DAIRY,33.4,67,65,55,116
2025-05-30,4,5,0,Dwarka,5,2.54,BEVERAGES,42.4,82,88,84,112
2025-05-31,5,5,1,Dwarka,5,4.38,PACKAGED_FOOD,38.3,104,107,101,180
2025-06-01,6,6,1,Dwarka,5,2.32,PRODUCE_FRUITS,40.0,97,93,110,153
2025-06-02,0,6,0,South Extension,6,1.54,BAKERY,38.1,75,82,86,117
2025-06-03,1,6,0,South Extension,6,3.98,PRODUCE_FRUITS,34.9,50,43,44,101
2025-06-04,2,6,0,Lajpat Nagar,8,1.76,DAIRY,41.6,72,63,71,126
2025-06-05,3,6,0,Connaught Place,4,1.89,DAIRY,40.9,17,14,16,57
2025-06-06,4,6,0,South Extension,6,4.11,PACKAGED_FOOD,39.7,80,81,84,139
2025-06-07,5,6,1,Lodhi Colony,7,4.64,PRODUCE_FRUITS,41.9,119,109,116,204
2025-06-08,6,6,1,Lodhi Colony,7,3.86,PRODUCE_FRUITS,40.6,29,25,30,113
2025-06-09,0,6,0,South Extension,6,2.63,OTHER,39.6,117,109,118,172
2025-06-10,1,6,0,Lajpat Nagar,8,3.12,OTHER,40.6,107,104,96,171
2025-06-11,2,6,0,Lajpat Nagar,8,2.12,OTHER,36.7,73,80,63,127
2025-06-12,3,6,0,South Extension,6,4.56,OTHER,40.1,30,32,29,100
2025-06-13,4,6,0,Dwarka,5,3.44,PACKAGED_FOOD,33.6,78,66,85,121
2025-06-14,5,6,1,Karol Bagh,9,3.09,PACKAGED_FOOD,41.4,37,39,32,130
2025-06-15,6,6,1,Rohini,7,1.92,DAIRY,39.9,92,102,92,161
2025-06-16,0,6,0,Dwarka,5,4.02,PRODUCE_FRUITS,36.8,58,66,56,125
2025-06-17,1,6,0,Lajpat Nagar,8,1.96,PACKAGED_FOOD,40.4,110,110,125,166
2025-06-18,2,6,0,Dwarka,5,4.59,BEVERAGES,34.6,41,42,37,92
2025-06-19,3,6,0,Connaught Place,4,4.54,BAKERY,43.8,98,111,85,140
2025-06-20,4,6,0,Dwarka,5,1.88,PRODUCE_FRUITS,38.7,89,90,94,134
2025-06-21,5,6,1,Lodhi Colony,7,3.73,OTHER,38.4,69,75,69,163
2025-06-22,6,6,1,Dwarka,5,1.69,PRODUCE_FRUITS,41.0,35,40,37,109
2025-06-23,0,6,0,Lajpat Nagar,8,4.27,BEVERAGES,41.4,41,44,33,110
2025-06-24,1,6,0,Rohini,7,3.73,PACKAGED_FOOD,42.4,110,114,105,171
2025-06-25,2,6,0,Karol Bagh,9,4.09,OTHER,40.4,103,108,120,162
2025-06-26,3,6,0,Dwarka,5,2.53,PACKAGED_FOOD,32.6,110,101,115,172
2025-06-27,4,6,0,Rohini,7,4.34,DAIRY,42.0,96,101,101,162
2025-06-28,5,6,1,Karol Bagh,9,2.15,BEVERAGES,43.6,52,51,62,136
2025-06-29,6,6,1,South Extension,6,2.12,BAKERY,40.8,30,28,29,105
2025-06-30,0,6,0,Karol Bagh,9,4.29,COOKED_MEALS,36.0,105,118,85,187
2025-07-01,1,7,0,Connaught Place,4,3.47,OTHER,43.2,93,102,85,145
2025-07-02,2,7,0,South Extension,6,4.09,PRODUCE_FRUITS,38.3,38,38,42,85
2025-07-03,3,7,0,Lajpat Nagar,8,2.87,PACKAGED_FOOD,36.8,59,54,52,118
2025-07-04,4,7,0,Lajpat Nagar,8,4.64,PACKAGED_FOOD,38.4,86,94,102,162
2025-07-05,5,7,1,South Extension,6,1.88,PRODUCE_FRUITS,37.3,97,100,101,189
2025-07-06,6,7,1,Connaught Place,4,2.76,OTHER,43.3,64,59,69,135
2025-07-07,0,7,0,South Extension,6,4.51,OTHER,41.2,80,87,78,157
2025-07-08,1,7,0,Lajpat Nagar,8,2.56,COOKED_MEALS,43.4,36,41,39,112
2025-07-09,2,7,0,Karol Bagh,9,1.52,COOKED_MEALS,34.5,95,102,108,165
2025-07-10,3,7,0,Karol Bagh,9,4.23,BEVERAGES,41.3,97,106,80,173
2025-07-11,4,7,0,Dwarka,5,2.01,DAIRY,40.6,19,16,15,67
2025-07-12,5,7,1,Karol Bagh,9,4.21,PRODUCE_FRUITS,36.9,72,74,70,162
2025-07-13,6,7,1,South Extension,6,2.79,COOKED_MEALS,38.4,97,103,80,190
2025-07-14,0,7,0,Rohini,7,1.74,PACKAGED_FOOD,33.3,115,121,119,169
2025-07-15,1,7,0,Connaught Place,4,4.03,DAIRY,36.6,120,125,118,167
2025-07-16,2,7,0,Lodhi Colony,7,4.13,OTHER,38.5,96,85,102,159
2025-07-17,3,7,0,Rohini,7,4.36,BEVERAGES,36.5,16,16,16,77
2025-07-18,4,7,0,Karol Bagh,9,2.8,PACKAGED_FOOD,43.4,54,49,59,123
2025-07-19,5,7,1,Dwarka,5,2.63,DAIRY,42.9,80,71,69,154
2025-07-20,6,7,1,South Extension,6,2.1,OTHER,38.8,21,23,24,94
2025-07-21,0,7,0,Karol Bagh,9,3.02,PACKAGED_FOOD,32.9,100,87,83,167
2025-07-22,1,7,0,Connaught Place,4,2.68,BEVERAGES,39.9,27,25,22,61
2025-07-23,2,7,0,Lajpat Nagar,8,2.55,DAIRY,35.9,99,93,102,155
2025-07-24,3,7,0,Connaught Place,4,4.66,BAKERY,32.1,46,49,49,91
2025-07-25,4,7,0,Dwarka,5,2.94,OTHER,36.3,101,108,116,145
2025-07-26,5,7,1,Connaught Place,4,3.11,COOKED_MEALS,34.1,92,80,83,178
2025-07-27,6,7,1,Rohini,7,1.96,PACKAGED_FOOD,34.4,108,120,89,194
2025-07-28,0,7,0,Karol Bagh,9,3.58,OTHER,39.0,66,71,58,137
2025-07-29,1,7,0,South Extension,6,3.32,PACKAGED_FOOD,42.7,84,83,93,138
2025-07-30,2,7,0,Rohini,7,3.45,OTHER,35.5,74,74,61,138
2025-07-31,3,7,0,Connaught Place,4,3.16,BEVERAGES,34.9,118,135,126,166
2025-08-01,4,8,0,Lajpat Nagar,8,2.09,PACKAGED_FOOD,30.6,33,35,32,86
2025-08-02,5,8,1,Connaught Place,4,1.63,OTHER,28.9,23,21,20,83
2025-08-03,6,8,1,Rohini,7,2.69,DAIRY,33.2,20,17,21,94
2025-08-04,0,8,0,South Extension,6,3.82,PACKAGED_FOOD,30.3,50,55,45,100
2025-08-05,1,8,0,Dwarka,5,2.75,PACKAGED_FOOD,30.5,24,24,22,68
2025-08-06,2,8,0,Lajpat Nagar,8,3.2,PRODUCE_FRUITS,32.2,59,58,58,114
2025-08-07,3,8,0,Lajpat Nagar,8,2.95,BAKERY,24.8,97,90,83,153
2025-08-08,4,8,0,Lajpat Nagar,8,2.7,BEVERAGES,32.2,99,90,111,160
2025-08-09,5,8,1,Lodhi Colony,7,3.08,PACKAGED_FOOD,25.6,67,57,54,142
2025-08-10,6,8,1,Karol Bagh,9,3.45,BAKERY,30.3,20,22,17,122
2025-08-11,0,8,0,Karol Bagh,9,4.66,PACKAGED_FOOD,33.7,96,82,104,185
2025-08-12,1,8,0,Dwarka,5,4.21,COOKED_MEALS,26.2,92,105,105,161
2025-08-13,2,8,0,Karol Bagh,9,1.97,PACKAGED_FOOD,32.2,38,39,38,113
2025-08-14,3,8,0,Lajpat Nagar,8,3.89,PRODUCE_FRUITS,33.2,91,93,81,154
2025-08-15,4,8,0,Lajpat Nagar,8,3.22,PACKAGED_FOOD,30.8,120,107,100,188
2025-08-16,5,8,1,Lodhi Colony,7,4.48,PACKAGED_FOOD,24.4,115,116,126,215
2025-08-17,6,8,1,Karol Bagh,9,3.28,COOKED_MEALS,33.0,114,120,110,228
2025-08-18,0,8,0,Lodhi Colony,7,2.72,COOKED_MEALS,31.0,69,63,77,137
2025-08-19,1,8,0,Karol Bagh,9,4.16,OTHER,32.4,88,77,75,152
2025-08-20,2,8,0,Lodhi Colony,7,4.03,OTHER,24.8,91,101,87,156
2025-08-21,3,8,0,Rohini,7,1.52,PACKAGED_FOOD,25.2,15,14,13,75
2025-08-22,4,8,0,Rohini,7,2.54,PRODUCE_FRUITS,25.1,69,72,62,128
2025-08-23,5,8,1,Connaught Place,4,3.52,BEVERAGES,28.0,41,39,45,106
2025-08-24,6,8,1,Lodhi Colony,7,2.09,PACKAGED_FOOD,29.5,47,53,48,129
2025-08-25,0,8,0,Lajpat Nagar,8,4.32,BEVERAGES,25.2,44,43,47,99
2025-08-26,1,8,0,Lajpat Nagar,8,1.83,PACKAGED_FOOD,28.0,58,63,60,114
2025-08-27,2,8,0,Lodhi Colony,7,4.68,COOKED_MEALS,32.0,120,107,140,193
2025-08-28,3,8,0,Lodhi Colony,7,1.79,PRODUCE_FRUITS,26.2,25,25,27,82
2025-08-29,4,8,0,Dwarka,5,3.22,BEVERAGES,33.6,22,24,24,66
2025-08-30,5,8,1,Dwarka,5,3.13,COOKED_MEALS,26.0,99,111,99,191
2025-08-31,6,8,1,Karol Bagh,9,3.2,BAKERY,30.2,101,86,90,211
2025-09-01,0,9,0,South Extension,6,4.72,COOKED_MEALS,34.0,114,110,121,181
2025-09-02,1,9,0,South Extension,6,3.93,COOKED_MEALS,33.2,85,79,96,155
2025-09-03,2,9,0,Karol Bagh,9,2.65,OTHER,26.8,92,104,90,157
2025-09-04,3,9,0,Lajpat Nagar,8,2.84,COOKED_MEALS,29.6,79,74,93,151
2025-09-05,4,9,0,Rohini,7,3.19,PRODUCE_FRUITS,32.8,119,129,107,173
2025-09-06,5,9,1,Lodhi Colony,7,4.04,OTHER,27.4,114,112,112,207
2025-09-07,6,9,1,Karol Bagh,9,4.34,DAIRY,25.2,23,22,25,120
2025-09-08,0,9,0,Rohini,7,2.54,PRODUCE_FRUITS,29.2,16,16,14,81
2025-09-09,1,9,0,Connaught Place,4,1.81,BEVERAGES,31.5,58,50,68,90
2025-09-10,2,9,0,Karol Bagh,9,2.39,BEVERAGES,30.8,39,38,34,103
2025-09-11,3,9,0,Dwarka,5,2.3,PRODUCE_FRUITS,26.1,40,44,45,75
2025-09-12,4,9,0,South Extension,6,4.54,BEVERAGES,33.6,78,80,86,148
2025-09-13,5,9,1,Karol Bagh,9,4.66,OTHER,28.8,94,88,108,202
2025-09-14,6,9,1,Connaught Place,4,3.12,OTHER,33.2,50,48,55,115
2025-09-15,0,9,0,Lajpat Nagar,8,1.68,OTHER,28.2,84,72,78,150
2025-09-16,1,9,0,Lodhi Colony,7,4.72,BEVERAGES,29.2,55,58,44,106
2025-09-17,2,9,0,Lajpat Nagar,8,2.75,COOKED_MEALS,27.3,93,103,81,164
2025-09-18,3,9,0,Karol Bagh,9,2.63,BAKERY,29.0,41,40,45,111
2025-09-19,4,9,0,Connaught Place,4,4.32,PRODUCE_FRUITS,28.5,88,78,90,137
2025-09-20,5,9,1,Connaught Place,4,4.15,PACKAGED_FOOD,28.3,63,57,70,141
2025-09-21,6,9,1,Dwarka,5,1.99,OTHER,24.1,68,67,81,145
2025-09-22,0,9,0,Dwarka,5,2.54,DAIRY,27.0,86,95,70,125
2025-09-23,1,9,0,South Extension,6,3.78,COOKED_MEALS,26.2,47,46,49,103
2025-09-24,2,9,0,Connaught Place,4,2.69,PACKAGED_FOOD,33.3,47,44,45,92
2025-09-25,3,9,0,Connaught Place,4,4.36,PACKAGED_FOOD,26.0,88,91,89,142
2025-09-26,4,9,0,Connaught Place,4,3.72,DAIRY,31.7,72,80,68,118
2025-09-27,5,9,1,Connaught Place,4,3.03,BAKERY,32.7,96,104,89,163
2025-09-28,6,9,1,Rohini,7,4.49,COOKED_MEALS,25.6,44,41,46,134
2025-09-29,0,9,0,Dwarka,5,2.38,BEVERAGES,28.0,71,76,83,117
2025-09-30,1,9,0,Lodhi Colony,7,2.87,BAKERY,32.5,31,33,33,77
2025-10-01,2,10,0,Dwarka,5,3.81,COOKED_MEALS,26.1,65,57,53,132
2025-10-02,3,10,0,South Extension,6,4.04,PACKAGED_FOOD,31.6,25,22,26,72
2025-10-03,4,10,0,South Extension,6,3.66,DAIRY,27.1,46,49,44,106
2025-10-04,5,10,1,Lajpat Nagar,8,1.59,BEVERAGES,27.6,56,62,55,147
2025-10-05,6,10,1,Rohini,7,3.28,PRODUCE_FRUITS,29.5,32,36,34,121
2025-10-06,0,10,0,Dwarka,5,3.97,PACKAGED_FOOD,28.3,96,100,88,158
2025-10-07,1,10,0,Connaught Place,4,3.09,BAKERY,32.0,71,66,68,116
2025-10-08,2,10,0,Karol Bagh,9,4.19,OTHER,25.4,51,50,40,120
2025-10-09,3,10,0,Lodhi Colony,7,4.62,DAIRY,27.0,113,110,103,177
2025-10-10,4,10,0,Connaught Place,4,2.12,PACKAGED_FOOD,28.4,46,41,50,86
2025-10-11,5,10,1,Lodhi Colony,7,4.23,BAKERY,26.6,69,71,69,161
2025-10-12,6,10,1,Dwarka,5,3.76,PRODUCE_FRUITS,30.5,83,90,80,152
2025-10-13,0,10,0,Rohini,7,1.73,BAKERY,26.9,96,94,94,147
2025-10-14,1,10,0,Connaught Place,4,1.56,COOKED_MEALS,33.7,17,15,14,55
2025-10-15,2,10,0,Connaught Place,4,1.91,DAIRY,31.3,44,38,35,85
2025-10-16,3,10,0,Rohini,7,4.14,PRODUCE_FRUITS,28.6,116,99,96,187
2025-10-17,4,10,0,Rohini,7,4.64,COOKED_MEALS,26.7,65,56,64,142
2025-10-18,5,10,1,Rohini,7,2.76,COOKED_MEALS,25.2,113,120,107,223
2025-10-19,6,10,1,Lodhi Colony,7,2.32,COOKED_MEALS,26.0,109,117,109,212
2025-10-20,0,10,0,Dwarka,5,4.67,PRODUCE_FRUITS,25.6,108,93,126,161
2025-10-21,1,10,0,Karol Bagh,9,1.9,DAIRY,30.4,40,38,32,90
2025-10-22,2,10,0,Lajpat Nagar,8,3.59,PRODUCE_FRUITS,24.2,116,108,98,162
2025-10-23,3,10,0,Rohini,7,2.3,COOKED_MEALS,29.8,103,102,106,167
2025-10-24,4,10,0,Lajpat Nagar,8,3.15,BEVERAGES,30.2,112,116,92,179
2025-10-25,5,10,1,Dwarka,5,2.01,PACKAGED_FOOD,31.9,31,30,28,92
2025-10-26,6,10,1,Connaught Place,4,4.16,DAIRY,31.3,17,17,16,86
2025-10-27,0,10,0,Lajpat Nagar,8,2.33,COOKED_MEALS,28.9,71,72,72,130
2025-10-28,1,10,0,Karol Bagh,9,2.65,BEVERAGES,28.7,91,102,92,157
2025-10-29,2,10,0,South Extension,6,3.25,DAIRY,27.0,48,48,47,101
2025-10-30,3,10,0,Dwarka,5,2.11,COOKED_MEALS,30.2,61,66,54,106
2025-10-31,4,10,0,Dwarka,5,1.71,PACKAGED_FOOD,32.2,39,39,38,72
2025-11-01,5,11,1,Connaught Place,4,2.85,PRODUCE_FRUITS,25.1,81,84,66,148
2025-11-02,6,11,1,Lajpat Nagar,8,2.09,COOKED_MEALS,26.0,77,69,62,168
2025-11-03,0,11,0,Lodhi Colony,7,3.24,BEVERAGES,29.9,21,20,21,70
2025-11-04,1,11,0,South Extension,6,1.54,BAKERY,30.6,25,24,26,62
2025-11-05,2,11,0,Lodhi Colony,7,4.21,OTHER,31.1,120,124,121,194
2025-11-06,3,11,0,Dwarka,5,1.73,PRODUCE_FRUITS,24.8,42,47,35,82
2025-11-07,4,11,0,Lajpat Nagar,8,2.14,BEVERAGES,26.5,95,107,97,144
2025-11-08,5,11,1,Karol Bagh,9,2.87,COOKED_MEALS,31.7,88,84,86,185
2025-11-09,6,11,1,Lajpat Nagar,8,4.12,PACKAGED_FOOD,28.0,58,60,58,136
2025-11-10,0,11,0,Karol Bagh,9,2.96,PRODUCE_FRUITS,33.0,85,97,79,143
2025-11-11,1,11,0,Lodhi Colony,7,4.23,PRODUCE_FRUITS,30.1,87,88,82,159
2025-11-12,2,11,0,Karol Bagh,9,4.56,PRODUCE_FRUITS,27.6,72,70,69,139
2025-11-13,3,11,0,Karol Bagh,9,1.55,BAKERY,33.9,53,45,63,92
2025-11-14,4,11,0,Lajpat Nagar,8,4.32,COOKED_MEALS,31.7,103,112,120,171
2025-11-15,5,11,1,Karol Bagh,9,2.01,COOKED_MEALS,28.6,34,30,32,132
2025-11-16,6,11,1,Karol Bagh,9,2.32,PRODUCE_FRUITS,32.1,26,26,26,117
2025-11-17,0,11,0,Connaught Place,4,4.12,BAKERY,28.9,103,109,116,155
2025-11-18,1,11,0,South Extension,6,3.46,PRODUCE_FRUITS,24.4,118,120,98,186
2025-11-19,2,11,0,Connaught Place,4,4.4,DAIRY,28.2,30,33,26,80
2025-11-20,3,11,0,Dwarka,5,4.3,COOKED_MEALS,30.3,95,91,87,168
2025-11-21,4,11,0,Lajpat Nagar,8,2.58,BEVERAGES,26.2,21,22,25,80
2025-11-22,5,11,1,Lodhi Colony,7,3.98,PACKAGED_FOOD,29.0,43,42,47,134
2025-11-23,6,11,1,Lodhi Colony,7,3.39,COOKED_MEALS,29.5,48,42,48,149
2025-11-24,0,11,0,Rohini,7,3.8,OTHER,25.3,86,78,82,136
2025-11-25,1,11,0,Dwarka,5,3.23,BAKERY,24.7,114,111,122,159
2025-11-26,2,11,0,Karol Bagh,9,1.8,BEVERAGES,28.1,61,58,56,121
2025-11-27,3,11,0,Connaught Place,4,2.06,PRODUCE_FRUITS,30.2,117,114,100,159
2025-11-28,4,11,0,South Extension,6,4.55,BAKERY,26.0,62,55,67,129
2025-11-29,5,11,1,Lajpat Nagar,8,4.63,BAKERY,32.7,119,111,111,224
2025-11-30,6,11,1,Rohini,7,1.87,DAIRY,28.7,57,52,57,140
2025-12-01,0,12,0,Connaught Place,4,3.31,PACKAGED_FOOD,19.3,33,34,35,82
2025-12-02,1,12,0,Lodhi Colony,7,3.42,BEVERAGES,17.3,47,42,42,104
2025-12-03,2,12,0,South Extension,6,3.03,COOKED_MEALS,12.7,99,92,112,148
2025-12-04,3,12,0,Dwarka,5,2.69,COOKED_MEALS,12.2,98,94,116,139
2025-12-05,4,12,0,Connaught Place,4,3.1,PACKAGED_FOOD,17.3,38,34,45,76
2025-12-06,5,12,1,Karol Bagh,9,4.56,COOKED_MEALS,12.4,82,77,81,187
2025-12-07,6,12,1,Dwarka,5,2.66,BEVERAGES,15.0,79,73,65,149
2025-12-08,0,12,0,Connaught Place,4,4.4,OTHER,21.9,86,97,76,128
2025-12-09,1,12,0,Lajpat Nagar,8,1.79,DAIRY,17.2,101,104,106,164
2025-12-10,2,12,0,Lajpat Nagar,8,2.88,PACKAGED_FOOD,13.5,54,60,50,105
2025-12-11,3,12,0,Lajpat Nagar,8,3.42,BEVERAGES,20.0,32,30,34,89
2025-12-12,4,12,0,Karol Bagh,9,4.5,DAIRY,22.0,113,100,132,190
2025-12-13,5,12,1,Karol Bagh,9,3.26,BEVERAGES,13.2,55,60,47,142
2025-12-14,6,12,1,South Extension,6,4.03,DAIRY,21.6,53,52,62,149
2025-12-15,0,12,0,Connaught Place,4,2.0,BAKERY,13.1,38,32,45,61
2025-12-16,1,12,0,Karol Bagh,9,2.38,PACKAGED_FOOD,18.1,91,83,97,145
2025-12-17,2,12,0,Lodhi Colony,7,1.94,OTHER,18.0,106,110,92,168
2025-12-18,3,12,0,Lodhi Colony,7,3.12,BAKERY,13.6,43,36,47,101
2025-12-19,4,12,0,Lodhi Colony,7,2.23,BEVERAGES,21.9,111,101,96,166
2025-12-20,5,12,1,Lodhi Colony,7,4.36,DAIRY,18.9,73,81,70,162
2025-12-21,6,12,1,Rohini,7,2.76,PRODUCE_FRUITS,15.9,110,112,111,182
2025-12-22,0,12,0,Dwarka,5,4.39,OTHER,12.4,28,27,31,100
2025-12-23,1,12,0,Karol Bagh,9,3.27,BEVERAGES,12.4,64,64,67,133
2025-12-24,2,12,0,South Extension,6,2.13,DAIRY,16.0,53,57,48,102
2025-12-25,3,12,0,South Extension,6,3.78,BAKERY,16.6,97,95,105,156
2025-12-26,4,12,0,South Extension,6,2.09,PACKAGED_FOOD,21.4,104,105,99,152
2025-12-27,5,12,1,Lodhi Colony,7,3.45,BEVERAGES,21.0,73,64,67,159
2025-12-28,6,12,1,Dwarka,5,4.49,OTHER,13.6,108,95,91,179
2025-12-29,0,12,0,Karol Bagh,9,3.83,BEVERAGES,19.9,80,82,69,149
2025-12-30,1,12,0,Karol Bagh,9,2.76,OTHER,13.7,57,58,60,127
2025-12-31,2,12,0,Lajpat Nagar,8,4.04,COOKED_MEALS,16.2,54,57,63,138
2025-01-01,2,1,0,Connaught Place,4,3.57,COOKED_MEALS,21.0,40,34,44,101
2025-01-02,3,1,0,Lodhi Colony,7,3.29,COOKED_MEALS,18.1,78,71,80,144
2025-01-03,4,1,0,Lodhi Colony,7,3.0,DAIRY,12.8,91,77,104,143
2025-01-04,5,1,1,Rohini,7,4.22,COOKED_MEALS,13.8,22,23,17,126
2025-01-05,6,1,1,Rohini,7,1.61,PACKAGED_FOOD,20.4,53,50,44,150
2025-01-06,0,1,0,Lajpat Nagar,8,3.72,PACKAGED_FOOD,18.6,104,106,115,183
2025-01-07,1,1,0,Lajpat Nagar,8,4.69,BEVERAGES,17.8,19,16,17,75
2025-01-08,2,1,0,South Extension,6,4.0,OTHER,17.5,52,51,44,110
2025-01-09,3,1,0,Rohini,7,2.41,PACKAGED_FOOD,16.1,41,43,42,101
2025-01-10,4,1,0,Dwarka,5,3.25,COOKED_MEALS,16.8,103,106,114,168
2025-01-11,5,1,1,Dwarka,5,2.45,PACKAGED_FOOD,20.5,48,48,57,116
2025-01-12,6,1,1,Karol Bagh,9,3.14,BEVERAGES,18.3,78,85,89,173
2025-01-13,0,1,0,Lajpat Nagar,8,3.84,BAKERY,12.0,18,17,20,75
2025-01-14,1,1,0,Karol Bagh,9,4.8,DAIRY,12.5,59,60,62,120
2025-01-15,2,1,0,South Extension,6,3.61,BEVERAGES,14.8,116,100,106,156
2025-01-16,3,1,0,South Extension,6,3.76,PRODUCE_FRUITS,16.0,87,90,70,135
2025-01-17,4,1,0,Lajpat Nagar,8,2.14,OTHER,15.4,101,100,99,162
2025-01-18,5,1,1,Lajpat Nagar,8,3.57,OTHER,17.4,57,56,64,146
2025-01-19,6,1,1,Dwarka,5,1.68,PACKAGED_FOOD,15.0,107,112,109,187
2025-01-20,0,1,0,Connaught Place,4,4.14,OTHER,15.5,34,31,27,77
2025-01-21,1,1,0,Lodhi Colony,7,3.57,OTHER,13.7,92,88,95,157
2025-01-22,2,1,0,Dwarka,5,4.33,BEVERAGES,12.3,67,58,77,105
2025-01-23,3,1,0,Connaught Place,4,2.99,PRODUCE_FRUITS,14.2,53,47,50,97
2025-01-24,4,1,0,South Extension,6,2.96,COOKED_MEALS,20.0,79,70,73,141
2025-01-25,5,1,1,Lodhi Colony,7,3.92,PACKAGED_FOOD,15.1,56,50,64,148
2025-01-26,6,1,1,Dwarka,5,4.78,BAKERY,19.2,73,70,83,135
2025-01-27,0,1,0,South Extension,6,1.51,COOKED_MEALS,18.9,91,101,84,150
2025-01-28,1,1,0,Rohini,7,3.67,PRODUCE_FRUITS,12.2,112,105,129,167
2025-01-29,2,1,0,Connaught Place,4,2.16,PRODUCE_FRUITS,14.8,55,59,58,91
2025-01-30,3,1,0,South Extension,6,1.55,PACKAGED_FOOD,17.6,28,25,26,75
2025-01-31,4,1,0,Connaught Place,4,2.39,BEVERAGES,20.0,88,81,72,123
2025-02-01,5,2,1,Lodhi Colony,7,1.67,COOKED_MEALS,16.7,101,87,96,185
2025-02-02,6,2,1,South Extension,6,2.91,BAKERY,19.0,90,93,96,161
2025-02-03,0,2,0,Connaught Place,4,4.2,BEVERAGES,19.6,118,119,140,168
2025-02-04,1,2,0,Rohini,7,4.02,PACKAGED_FOOD,13.3,119,129,128,183
2025-02-05,2,2,0,Dwarka,5,3.84,DAIRY,16.7,43,38,49,93
2025-02-06,3,2,0,Connaught Place,4,4.51,DAIRY,13.8,100,94,114,142
2025-02-07,4,2,0,South Extension,6,3.07,PRODUCE_FRUITS,16.8,36,33,33,92
2025-02-08,5,2,1,Karol Bagh,9,1.92,COOKED_MEALS,16.1,106,115,98,197
2025-02-09,6,2,1,Karol Bagh,9,3.02,PACKAGED_FOOD,16.1,94,86,81,174
2025-02-10,0,2,0,Lodhi Colony,7,2.77,PRODUCE_FRUITS,14.1,103,105,114,144
2025-02-11,1,2,0,Karol Bagh,9,3.79,BAKERY,18.6,24,25,26,93
2025-02-12,2,2,0,Rohini,7,3.11,PACKAGED_FOOD,18.0,56,56,63,119
2025-02-13,3,2,0,South Extension,6,3.47,BEVERAGES,20.1,113,123,105,185
2025-02-14,4,2,0,Dwarka,5,3.68,COOKED_MEALS,14.2,32,35,37,86
2025-02-15,5,2,1,Lajpat Nagar,8,3.68,DAIRY,17.3,64,66,62,152
2025-02-16,6,2,1,Lajpat Nagar,8,3.75,PRODUCE_FRUITS,15.0,116,130,106,215
2025-02-17,0,2,0,Connaught Place,4,4.77,PACKAGED_FOOD,12.1,80,77,68,122
2025-02-18,1,2,0,Connaught Place,4,1.71,PACKAGED_FOOD,21.7,15,15,16,40
2025-02-19,2,2,0,Rohini,7,1.6,DAIRY,19.0,65,67,70,127
2025-02-20,3,2,0,Lodhi Colony,7,2.76,PACKAGED_FOOD,14.1,37,36,32,74
2025-02-21,4,2,0,Rohini,7,2.88,PRODUCE_FRUITS,22.0,100,88,80,168
2025-02-22,5,2,1,Dwarka,5,1.55,BEVERAGES,20.8,99,97,118,179
2025-02-23,6,2,1,Lodhi Colony,7,4.34,OTHER,19.0,69,71,67,161
2025-02-24,0,2,0,Lodhi Colony,7,3.32,DAIRY,15.8,43,38,44,83
2025-02-25,1,2,0,Lajpat Nagar,8,3.85,PRODUCE_FRUITS,16.1,84,85,68,138
2025-02-26,2,2,0,South Extension,6,3.37,BEVERAGES,15.7,89,88,95,148
2025-02-27,3,2,0,Rohini,7,4.75,OTHER,14.8,81,70,93,151
2025-02-28,4,2,0,South Extension,6,2.31,BEVERAGES,19.4,100,87,105,151
2025-03-01,5,3,1,South Extension,6,4.48,PACKAGED_FOOD,31.8,75,73,87,154
2025-03-02,6,3,1,Karol Bagh,9,3.92,DAIRY,27.5,117,109,101,212
2025-03-03,0,3,0,Connaught Place,4,3.9,PACKAGED_FOOD,26.6,95,94,82,132
2025-03-04,1,3,0,South Extension,6,3.67,PRODUCE_FRUITS,32.1,94,80,93,153
2025-03-05,2,3,0,Rohini,7,2.42,BAKERY,30.2,50,55,40,107
2025-03-06,3,3,0,South Extension,6,3.49,PACKAGED_FOOD,31.4,99,97,111,154
2025-03-07,4,3,0,Lodhi Colony,7,2.1,PACKAGED_FOOD,32.6,58,66,68,125
2025-03-08,5,3,1,Karol Bagh,9,4.58,BAKERY,32.4,111,127,123,213
2025-03-09,6,3,1,Dwarka,5,2.05,PACKAGED_FOOD,31.3,59,51,53,140
2025-03-10,0,3,0,Rohini,7,1.88,BAKERY,28.6,75,70,82,129
2025-03-11,1,3,0,Lodhi Colony,7,3.76,DAIRY,28.7,33,33,32,80
2025-03-12,2,3,0,Connaught Place,4,4.56,DAIRY,27.8,55,62,59,120
2025-03-13,3,3,0,Dwarka,5,2.67,OTHER,28.3,98,108,91,151
2025-03-14,4,3,0,Connaught Place,4,4.15,PRODUCE_FRUITS,30.5,65,64,69,113
2025-03-15,5,3,1,Rohini,7,2.14,PRODUCE_FRUITS,30.8,38,35,30,131
2025-03-16,6,3,1,South Extension,6,4.24,COOKED_MEALS,28.1,82,72,80,178
2025-03-17,0,3,0,Lajpat Nagar,8,1.61,PACKAGED_FOOD,24.9,91,95,103,154
2025-03-18,1,3,0,Karol Bagh,9,3.61,BEVERAGES,33.6,26,28,22,83
2025-03-19,2,3,0,Karol Bagh,9,4.15,BAKERY,33.0,104,94,95,162
2025-03-20,3,3,0,Dwarka,5,4.59,BEVERAGES,28.5,50,54,53,95
2025-03-21,4,3,0,Connaught Place,4,2.03,COOKED_MEALS,26.8,22,21,20,57
2025-03-22,5,3,1,South Extension,6,2.35,OTHER,26.6,71,61,84,151
2025-03-23,6,3,1,Dwarka,5,3.12,BAKERY,29.4,70,64,74,154
2025-03-24,0,3,0,Lodhi Colony,7,3.86,COOKED_MEALS,24.3,24,24,21,74
2025-03-25,1,3,0,Lajpat Nagar,8,3.65,COOKED_MEALS,33.3,100,96,86,182
2025-03-26,2,3,0,Connaught Place,4,4.49,PACKAGED_FOOD,24.0,105,118,104,139
2025-03-27,3,3,0,Rohini,7,4.18,COOKED_MEALS,29.4,15,14,16,89
2025-03-28,4,3,0,Rohini,7,3.09,PACKAGED_FOOD,29.4,60,57,55,142
2025-03-29,5,3,1,Dwarka,5,1.8,PACKAGED_FOOD,32.5,58,50,57,140
2025-03-30,6,3,1,Rohini,7,2.46,BAKERY,25.8,20,22,21,97
2025-03-31,0,3,0,South Extension,6,3.58,PRODUCE_FRUITS,28.9,95,93,83,158
2025-04-01,1,4,0,South Extension,6,2.14,BEVERAGES,34.0,45,44,37,88
2025-04-02,2,4,0,Karol Bagh,9,4.68,OTHER,28.5,17,14,13,84
2025-04-03,3,4,0,Rohini,7,3.88,DAIRY,25.2,118,123,119,194
2025-04-04,4,4,0,Karol Bagh,9,1.99,PACKAGED_FOOD,26.3,24,20,20,78
2025-04-05,5,4,1,Dwarka,5,1.56,PACKAGED_FOOD,24.5,104,108,83,164
2025-04-06,6,4,1,Rohini,7,4.12,DAIRY,30.1,90,78,101,167
2025-04-07,0,4,0,South Extension,6,3.14,OTHER,30.2,23,25,22,82
2025-04-08,1,4,0,Dwarka,5,2.83,COOKED_MEALS,33.8,88,89,81,126
2025-04-09,2,4,0,Rohini,7,2.2,COOKED_MEALS,29.9,57,49,51,121
2025-04-10,3,4,0,Connaught Place,4,3.33,DAIRY,26.4,89,76,74,129
2025-04-11,4,4,0,Rohini,7,3.59,DAIRY,31.8,17,18,14,92
2025-04-12,5,4,1,Dwarka,5,3.65,PRODUCE_FRUITS,28.2,118,128,116,199
2025-04-13,6,4,1,Lajpat Nagar,8,2.18,BEVERAGES,26.7,72,70,84,157
2025-04-14,0,4,0,Lajpat Nagar,8,3.87,PACKAGED_FOOD,33.5,95,104,87,160
2025-04-15,1,4,0,Lodhi Colony,7,1.52,BAKERY,25.9,82,93,85,149
2025-04-16,2,4,0,Karol Bagh,9,2.22,OTHER,30.3,41,38,35,85
2025-04-17,3,4,0,Rohini,7,1.99,OTHER,33.7,75,74,64,132
2025-04-18,4,4,0,Connaught Place,4,2.44,DAIRY,26.5,93,101,102,134
2025-04-19,5,4,1,South Extension,6,1.84,COOKED_MEALS,33.2,37,33,30,120
2025-04-20,6,4,1,Lajpat Nagar,8,3.88,PACKAGED_FOOD,29.8,68,61,72,160
2025-04-21,0,4,0,Connaught Place,4,2.26,COOKED_MEALS,27.3,27,24,26,81
2025-04-22,1,4,0,South Extension,6,3.05,DAIRY,24.5,70,62,81,137
2025-04-23,2,4,0,Lodhi Colony,7,2.09,PRODUCE_FRUITS,25.4,107,97,100,161
2025-04-24,3,4,0,South Extension,6,3.78,COOKED_MEALS,26.8,29,32,28,98
2025-04-25,4,4,0,Lajpat Nagar,8,4.01,BAKERY,32.9,92,82,102,175
2025-04-26,5,4,1,Karol Bagh,9,4.7,OTHER,26.3,67,74,66,160
2025-04-27,6,4,1,Lajpat Nagar,8,3.45,OTHER,28.6,16,17,17,104
2025-04-28,0,4,0,Karol Bagh,9,2.23,PACKAGED_FOOD,33.5,88,98,85,161
2025-04-29,1,4,0,South Extension,6,1.63,DAIRY,31.3,79,67,79,114
2025-04-30,2,4,0,Rohini,7,1.82,DAIRY,26.4,86,92,92,141
2025-05-01,3,5,0,Lodhi Colony,7,4.63,BAKERY,36.3,45,46,37,101
2025-05-02,4,5,0,Dwarka,5,3.02,PACKAGED_FOOD,41.0,18,20,17,67
2025-05-03,5,5,1,Lajpat Nagar,8,4.38,DAIRY,34.2,62,64,67,168
2025-05-04,6,5,1,Lodhi Colony,7,4.45,PRODUCE_FRUITS,38.4,52,50,47,143
2025-05-05,0,5,0,Karol Bagh,9,3.29,OTHER,34.5,102,89,117,172
2025-05-06,1,5,0,Dwarka,5,2.7,COOKED_MEALS,33.3,61,60,49,116
2025-05-07,2,5,0,Connaught Place,4,2.08,PACKAGED_FOOD,40.5,86,91,75,136
2025-05-08,3,5,0,South Extension,6,3.64,BEVERAGES,43.3,89,98,96,147
2025-05-09,4,5,0,Rohini,7,3.96,BAKERY,35.8,49,49,47,117
2025-05-10,5,5,1,Lodhi Colony,7,3.1,PACKAGED_FOOD,42.0,75,79,80,166
2025-05-11,6,5,1,Karol Bagh,9,4.47,DAIRY,39.5,117,123,126,237
2025-05-12,0,5,0,Lajpat Nagar,8,4.44,DAIRY,33.0,65,72,59,129
2025-05-13,1,5,0,South Extension,6,1.86,PRODUCE_FRUITS,33.3,33,32,37,70
2025-05-14,2,5,0,Connaught Place,4,2.87,BEVERAGES,38.5,31,30,30,73
2025-05-15,3,5,0,Dwarka,5,3.63,PRODUCE_FRUITS,34.3,17,18,15,76
2025-05-16,4,5,0,Lodhi Colony,7,3.41,BEVERAGES,39.8,56,55,59,112
2025-05-17,5,5,1,Karol Bagh,9,4.28,DAIRY,37.5,87,77,97,191
2025-05-18,6,5,1,Lodhi Colony,7,2.73,PRODUCE_FRUITS,41.2,21,18,19,111
2025-05-19,0,5,0,Lajpat Nagar,8,3.54,BAKERY,40.5,51,46,44,111
2025-05-20,1,5,0,Rohini,7,2.01,BAKERY,33.4,55,56,53,92
2025-05-21,2,5,0,Connaught Place,4,2.11,PACKAGED_FOOD,40.5,100,94,93,138
2025-05-22,3,5,0,Lajpat Nagar,8,3.26,COOKED_MEALS,43.0,66,74,73,149
2025-05-23,4,5,0,Lodhi Colony,7,4.56,BAKERY,32.1,109,110,109,170
2025-05-24,5,5,1,Connaught Place,4,4.7,OTHER,43.8,88,92,98,164
2025-05-25,6,5,1,Dwarka,5,4.49,DAIRY,36.1,29,31,33,116
2025-05-26,0,5,0,Connaught Place,4,1.58,PACKAGED_FOOD,42.1,72,68,66,122
2025-05-27,1,5,0,Karol Bagh,9,3.62,PACKAGED_FOOD,38.3,115,130,104,197
2025-05-28,2,5,0,Lodhi Colony,7,3.73,COOKED_MEALS,43.7,65,59,60,139
2025-05-29,3,5,0,Karol Bagh,9,3.19,COOKED_MEALS,42.9,61,59,66,133
2025-05-30,4,5,0,South Extension,6,2.44,PRODUCE_FRUITS,35.7,72,80,60,128
2025-05-31,5,5,1,Dwarka,5,4.43,BEVERAGES,43.9,117,114,101,201
2025-06-01,6,6,1,Dwarka,5,4.46,BAKERY,42.0,91,79,80,159
2025-06-02,0,6,0,Lodhi Colony,7,4.76,PACKAGED_FOOD,43.8,23,25,23,86
2025-06-03,1,6,0,Dwarka,5,4.52,DAIRY,34.1,74,78,81,129
2025-06-04,2,6,0,Lajpat Nagar,8,2.16,OTHER,36.6,85,84,95,143
2025-06-05,3,6,0,Lodhi Colony,7,3.35,DAIRY,34.7,116,98,104,188
2025-06-06,4,6,0,Dwarka,5,4.25,DAIRY,33.5,100,111,96,142
2025-06-07,5,6,1,Lajpat Nagar,8,1.59,OTHER,35.3,23,23,21,108
2025-06-08,6,6,1,Lodhi Colony,7,3.37,OTHER,35.1,102,101,109,198
2025-06-09,0,6,0,Karol Bagh,9,1.56,PRODUCE_FRUITS,34.0,22,19,21,89
2025-06-10,1,6,0,Dwarka,5,1.95,BAKERY,32.6,61,59,71,102
2025-06-11,2,6,0,Karol Bagh,9,3.61,COOKED_MEALS,38.2,113,117,124,200
2025-06-12,3,6,0,Karol Bagh,9,3.98,PACKAGED_FOOD,35.9,55,60,59,121
2025-06-13,4,6,0,Dwarka,5,2.7,PACKAGED_FOOD,39.0,120,107,102,183
2025-06-14,5,6,1,Connaught Place,4,2.73,DAIRY,36.9,35,30,30,107
2025-06-15,6,6,1,Karol Bagh,9,3.52,OTHER,43.4,83,88,89,188
2025-06-16,0,6,0,Rohini,7,1.88,DAIRY,43.0,29,31,33,77
2025-06-17,1,6,0,Connaught Place,4,1.96,DAIRY,42.7,91,91,108,136
2025-06-18,2,6,0,Lajpat Nagar,8,3.84,COOKED_MEALS,40.9,30,27,34,109
2025-06-19,3,6,0,Lajpat Nagar,8,2.19,COOKED_MEALS,37.1,112,121,93,189
2025-06-20,4,6,0,Rohini,7,3.1,DAIRY,32.5,28,24,29,76
2025-06-21,5,6,1,Connaught Place,4,1.64,PRODUCE_FRUITS,40.0,111,97,94,178
2025-06-22,6,6,1,Karol Bagh,9,2.18,BAKERY,34.2,59,50,50,151
2025-06-23,0,6,0,Karol Bagh,9,2.65,BAKERY,42.3,114,121,102,178
2025-06-24,1,6,0,Karol Bagh,9,1.73,OTHER,38.9,16,16,17,82
2025-06-25,2,6,0,Rohini,7,3.27,BEVERAGES,33.2,42,47,47,98
2025-06-26,3,6,0,Lodhi Colony,7,2.71,PACKAGED_FOOD,34.2,101,114,88,155
2025-06-27,4,6,0,Lajpat Nagar,8,3.2,DAIRY,33.4,55,48,46,124
2025-06-28,5,6,1,Lajpat Nagar,8,3.14,PRODUCE_FRUITS,40.5,86,91,71,172
2025-06-29,6,6,1,Lodhi Colony,7,3.48,PRODUCE_FRUITS,40.2,71,65,68,161
2025-06-30,0,6,0,Rohini,7,2.91,OTHER,32.8,117,116,125,189
2025-07-01,1,7,0,Lodhi Colony,7,3.72,DAIRY,37.3,99,104,83,188
2025-07-02,2,7,0,Lodhi Colony,7,2.82,PACKAGED_FOOD,43.7,109,122,129,191
2025-07-03,3,7,0,Connaught Place,4,2.16,OTHER,43.9,30,27,29,81
2025-07-04,4,7,0,Lodhi Colony,7,2.42,BEVERAGES,41.2,90,83,100,144
2025-07-05,5,7,1,Lodhi Colony,7,3.7,DAIRY,43.9,80,74,88,165
2025-07-06,6,7,1,South Extension,6,1.9,DAIRY,38.0,95,107,77,174
2025-07-07,0,7,0,Lodhi Colony,7,3.74,BAKERY,36.6,101,95,93,149
2025-07-08,1,7,0,Karol Bagh,9,1.82,COOKED_MEALS,39.9,81,87,90,160
2025-07-09,2,7,0,Lodhi Colony,7,3.17,PACKAGED_FOOD,36.1,84,85,99,155
2025-07-10,3,7,0,South Extension,6,4.77,COOKED_MEALS,36.6,55,60,53,129
2025-07-11,4,7,0,Dwarka,5,4.34,PRODUCE_FRUITS,42.6,36,35,30,91
2025-07-12,5,7,1,Dwarka,5,2.78,OTHER,33.3,101,100,103,170
2025-07-13,6,7,1,Karol Bagh,9,4.32,PACKAGED_FOOD,32.7,48,47,57,144
2025-07-14,0,7,0,Karol Bagh,9,3.73,OTHER,43.7,56,48,58,132
2025-07-15,1,7,0,Rohini,7,3.95,COOKED_MEALS,41.2,95,90,79,175
2025-07-16,2,7,0,Connaught Place,4,4.77,DAIRY,36.2,99,91,88,150
2025-07-17,3,7,0,Dwarka,5,1.72,PRODUCE_FRUITS,33.4,36,30,33,82
2025-07-18,4,7,0,Lodhi Colony,7,3.67,DAIRY,38.8,68,63,73,109
2025-07-19,5,7,1,Lodhi Colony,7,3.38,PRODUCE_FRUITS,38.9,118,117,127,197
2025-07-20,6,7,1,Lajpat Nagar,8,2.61,PACKAGED_FOOD,41.7,100,95,104,187
2025-07-21,0,7,0,Lodhi Colony,7,3.6,OTHER,32.9,83,75,75,150
2025-07-22,1,7,0,Connaught Place,4,4.79,DAIRY,41.7,94,100,78,149
2025-07-23,2,7,0,Connaught Place,4,2.4,PACKAGED_FOOD,41.6,75,73,70,117
2025-07-24,3,7,0,South Extension,6,3.65,PRODUCE_FRUITS,38.1,53,51,53,111
2025-07-25,4,7,0,Karol Bagh,9,3.2,BEVERAGES,41.2,38,42,39,114
2025-07-26,5,7,1,Karol Bagh,9,4.35,PACKAGED_FOOD,38.0,99,112,108,182
2025-07-27,6,7,1,Karol Bagh,9,4.17,OTHER,41.2,70,79,76,174
2025-07-28,0,7,0,South Extension,6,3.22,PRODUCE_FRUITS,37.5,45,40,48,96
2025-07-29,1,7,0,Connaught Place,4,4.34,COOKED_MEALS,39.6,67,62,61,135
2025-07-30,2,7,0,Lajpat Nagar,8,2.35,PACKAGED_FOOD,34.8,45,39,39,105
2025-07-31,3,7,0,Lodhi Colony,7,3.1,DAIRY,37.1,19,17,17,91
2025-08-01,4,8,0,South Extension,6,2.35,OTHER,26.8,85,76,96,144
2025-08-02,5,8,1,South Extension,6,1.68,COOKED_MEALS,27.1,53,58,61,136
2025-08-03,6,8,1,Lodhi Colony,7,4.46,BEVERAGES,30.6,26,25,29,117
2025-08-04,0,8,0,Karol Bagh,9,3.92,COOKED_MEALS,29.2,89,101,104,164
2025-08-05,1,8,0,Connaught Place,4,3.14,COOKED_MEALS,26.4,30,32,27,88
2025-08-06,2,8,0,Rohini,7,3.97,BAKERY,33.4,42,37,36,90
2025-08-07,3,8,0,Connaught Place,4,2.95,PRODUCE_FRUITS,32.6,22,21,20,70
2025-08-08,4,8,0,Lodhi Colony,7,3.07,BAKERY,33.6,115,130,108,173
2025-08-09,5,8,1,Dwarka,5,2.71,PRODUCE_FRUITS,24.2,92,79,100,168
2025-08-10,6,8,1,Rohini,7,3.72,PRODUCE_FRUITS,29.5,54,56,58,138
2025-08-11,0,8,0,Rohini,7,3.76,PACKAGED_FOOD,32.7,71,68,82,114
2025-08-12,1,8,0,Connaught Place,4,2.49,OTHER,31.6,53,48,61,108
2025-08-13,2,8,0,Lodhi Colony,7,3.58,OTHER,31.7,67,72,60,138
2025-08-14,3,8,0,Lodhi Colony,7,3.05,DAIRY,33.3,57,60,65,121
2025-08-15,4,8,0,Rohini,7,1.83,BAKERY,31.0,79,68,76,132
2025-08-16,5,8,1,Connaught Place,4,3.0,COOKED_MEALS,31.6,97,101,102,170
2025-08-17,6,8,1,Rohini,7,3.62,COOKED_MEALS,28.0,95,89,97,197
2025-08-18,0,8,0,Dwarka,5,4.7,OTHER,30.5,31,34,33,87
2025-08-19,1,8,0,Rohini,7,4.6,DAIRY,28.8,109,97,94,167
2025-08-20,2,8,0,Connaught Place,4,2.16,DAIRY,27.7,65,72,76,101
2025-08-21,3,8,0,Karol Bagh,9,2.24,COOKED_MEALS,33.2,97,100,86,180
2025-08-22,4,8,0,Connaught Place,4,3.81,BAKERY,24.5,94,91,84,145
2025-08-23,5,8,1,South Extension,6,4.66,BAKERY,33.5,30,25,30,117
2025-08-24,6,8,1,Rohini,7,3.72,COOKED_MEALS,26.2,41,37,46,118
2025-08-25,0,8,0,Rohini,7,2.38,BEVERAGES,28.9,31,30,27,87
2025-08-26,1,8,0,Dwarka,5,3.73,DAIRY,25.8,116,103,106,182
2025-08-27,2,8,0,Connaught Place,4,2.28,DAIRY,33.1,62,63,65,111
2025-08-28,3,8,0,Rohini,7,2.57,BEVERAGES,28.0,42,44,45,100
2025-08-29,4,8,0,Dwarka,5,3.47,COOKED_MEALS,25.0,22,19,25,71
2025-08-30,5,8,1,Karol Bagh,9,4.6,OTHER,30.0,110,120,88,213
2025-08-31,6,8,1,Karol Bagh,9,3.54,PRODUCE_FRUITS,33.8,100,96,118,188
2025-09-01,0,9,0,Connaught Place,4,2.06,DAIRY,33.3,74,65,68,112
2025-09-02,1,9,0,Karol Bagh,9,2.93,PRODUCE_FRUITS,25.2,20,22,19,89
2025-09-03,2,9,0,Connaught Place,4,4.56,PRODUCE_FRUITS,33.0,48,49,53,95
2025-09-04,3,9,0,Connaught Place,4,3.21,DAIRY,32.9,55,58,54,109
2025-09-05,4,9,0,Dwarka,5,3.6,DAIRY,24.5,34,29,29,78
2025-09-06,5,9,1,Lodhi Colony,7,2.36,BEVERAGES,28.7,29,33,33,117
2025-09-07,6,9,1,Dwarka,5,3.35,DAIRY,28.9,107,118,90,188
2025-09-08,0,9,0,South Extension,6,2.17,PRODUCE_FRUITS,25.8,36,38,40,72
2025-09-09,1,9,0,Lajpat Nagar,8,3.43,COOKED_MEALS,29.3,88,79,102,157
2025-09-10,2,9,0,Lajpat Nagar,8,4.04,BEVERAGES,24.9,57,48,61,117
2025-09-11,3,9,0,Karol Bagh,9,4.57,COOKED_MEALS,32.4,34,29,33,107
2025-09-12,4,9,0,Dwarka,5,3.68,DAIRY,30.3,49,50,39,110
2025-09-13,5,9,1,Lodhi Colony,7,2.57,BEVERAGES,34.0,117,119,103,202
2025-09-14,6,9,1,South Extension,6,4.15,PRODUCE_FRUITS,27.2,22,23,22,100
2025-09-15,0,9,0,Connaught Place,4,2.09,OTHER,32.7,26,22,22,63
2025-09-16,1,9,0,Lodhi Colony,7,4.07,PRODUCE_FRUITS,30.5,98,87,90,164
2025-09-17,2,9,0,Connaught Place,4,4.48,PACKAGED_FOOD,25.3,100,87,94,136
2025-09-18,3,9,0,Lajpat Nagar,8,3.12,DAIRY,28.8,87,89,72,143
2025-09-19,4,9,0,Lajpat Nagar,8,2.93,DAIRY,24.9,80,76,78,144
2025-09-20,5,9,1,Lajpat Nagar,8,3.64,BEVERAGES,25.6,78,78,82,177
2025-09-21,6,9,1,South Extension,6,4.49,DAIRY,27.0,31,32,28,118
2025-09-22,0,9,0,Lajpat Nagar,8,3.23,PRODUCE_FRUITS,29.7,85,74,69,155
2025-09-23,1,9,0,South Extension,6,3.03,BEVERAGES,29.7,47,44,48,104
2025-09-24,2,9,0,Rohini,7,3.16,COOKED_MEALS,31.4,74,66,64,140
2025-09-25,3,9,0,Dwarka,5,2.48,PACKAGED_FOOD,31.2,111,116,116,162
2025-09-26,4,9,0,Connaught Place,4,2.63,OTHER,32.1,42,38,46,71
2025-09-27,5,9,1,South Extension,6,2.93,COOKED_MEALS,24.1,29,24,30,106
2025-09-28,6,9,1,Lodhi Colony,7,3.78,OTHER,30.6,110,113,109,184
2025-09-29,0,9,0,Connaught Place,4,3.78,BEVERAGES,30.8,117,110,99,151
2025-09-30,1,9,0,South Extension,6,2.13,OTHER,24.2,39,43,34,79
2025-10-01,2,10,0,Lodhi Colony,7,4.28,OTHER,31.9,39,34,43,90
2025-10-02,3,10,0,Lajpat Nagar,8,3.06,COOKED_MEALS,25.2,34,36,33,101
2025-10-03,4,10,0,Lodhi Colony,7,3.43,BAKERY,26.9,65,56,52,123
2025-10-04,5,10,1,Dwarka,5,4.3,DAIRY,33.8,78,83,80,153
2025-10-05,6,10,1,Lodhi Colony,7,2.82,PACKAGED_FOOD,29.9,93,105,108,176
2025-10-06,0,10,0,Rohini,7,3.11,BEVERAGES,24.6,17,16,15,86
2025-10-07,1,10,0,Lodhi Colony,7,4.43,COOKED_MEALS,28.9,97,92,104,176
2025-10-08,2,10,0,South Extension,6,2.03,BEVERAGES,25.9,59,57,59,97
2025-10-09,3,10,0,Karol Bagh,9,4.32,BEVERAGES,30.6,31,34,33,93
2025-10-10,4,10,0,Lodhi Colony,7,4.67,OTHER,33.4,98,104,109,167
2025-10-11,5,10,1,Karol Bagh,9,2.18,BEVERAGES,31.5,100,99,86,179
2025-10-12,6,10,1,Lajpat Nagar,8,3.5,COOKED_MEALS,31.9,78,73,68,182
2025-10-13,0,10,0,Connaught Place,4,2.68,BAKERY,25.7,79,67,65,121
2025-10-14,1,10,0,Lodhi Colony,7,1.88,BAKERY,25.2,43,42,51,97
2025-10-15,2,10,0,Rohini,7,4.4,PRODUCE_FRUITS,33.0,103,114,107,154
2025-10-16,3,10,0,South Extension,6,3.83,DAIRY,32.0,111,98,93,158
2025-10-17,4,10,0,South Extension,6,4.22,COOKED_MEALS,29.1,36,37,41,92
2025-10-18,5,10,1,Connaught Place,4,2.02,PRODUCE_FRUITS,31.1,112,112,122,192
2025-10-19,6,10,1,Connaught Place,4,4.2,COOKED_MEALS,32.5,71,81,78,164
2025-10-20,0,10,0,South Extension,6,2.31,OTHER,28.7,51,51,42,91
2025-10-21,1,10,0,Connaught Place,4,3.58,BAKERY,25.5,111,111,123,167
2025-10-22,2,10,0,Lajpat Nagar,8,4.15,DAIRY,33.2,73,82,73,131
2025-10-23,3,10,0,Lodhi Colony,7,1.98,COOKED_MEALS,31.2,81,91,67,128
2025-10-24,4,10,0,Connaught Place,4,2.83,OTHER,25.6,22,21,17,66
2025-10-25,5,10,1,Karol Bagh,9,1.69,BEVERAGES,33.8,117,122,117,208
2025-10-26,6,10,1,Connaught Place,4,2.88,BEVERAGES,31.0,53,56,49,115
2025-10-27,0,10,0,Karol Bagh,9,3.51,BAKERY,31.0,72,75,83,153
2025-10-28,1,10,0,Karol Bagh,9,4.1,BEVERAGES,28.4,59,65,65,123
2025-10-29,2,10,0,Connaught Place,4,1.78,PACKAGED_FOOD,27.3,107,114,123,151
2025-10-30,3,10,0,Karol Bagh,9,4.77,PRODUCE_FRUITS,26.1,80,81,80,151
2025-10-31,4,10,0,South Extension,6,4.44,PACKAGED_FOOD,29.9,45,49,41,96
2025-11-01,5,11,1,Lodhi Colony,7,4.76,COOKED_MEALS,31.3,62,57,62,172
2025-11-02,6,11,1,South Extension,6,2.98,PACKAGED_FOOD,31.4,73,69,65,163
2025-11-03,0,11,0,Dwarka,5,4.76,PACKAGED_FOOD,31.1,95,99,108,151
2025-11-04,1,11,0,Dwarka,5,4.09,BEVERAGES,29.7,32,34,32,88
2025-11-05,2,11,0,Lajpat Nagar,8,1.85,PACKAGED_FOOD,29.8,120,130,117,185
2025-11-06,3,11,0,Lodhi Colony,7,1.77,COOKED_MEALS,28.2,31,30,30,98
2025-11-07,4,11,0,Connaught Place,4,3.73,DAIRY,29.9,81,87,93,118
2025-11-08,5,11,1,Lodhi Colony,7,3.77,DAIRY,31.3,68,74,58,150
2025-11-09,6,11,1,Lajpat Nagar,8,3.1,DAIRY,25.3,105,105,106,192
2025-11-10,0,11,0,South Extension,6,3.96,PACKAGED_FOOD,27.7,30,30,28,75
2025-11-11,1,11,0,South Extension,6,2.72,PRODUCE_FRUITS,24.4,34,30,31,78
2025-11-12,2,11,0,South Extension,6,4.11,BAKERY,31.8,68,58,78,129
2025-11-13,3,11,0,Connaught Place,4,2.21,OTHER,31.4,15,13,14,59
2025-11-14,4,11,0,Karol Bagh,9,2.52,DAIRY,33.0,115,110,130,177
2025-11-15,5,11,1,Rohini,7,3.5,OTHER,25.4,96,94,94,168
2025-11-16,6,11,1,Connaught Place,4,1.79,PACKAGED_FOOD,30.6,67,64,77,140
2025-11-17,0,11,0,Connaught Place,4,3.29,BEVERAGES,32.9,109,101,91,157
2025-11-18,1,11,0,Dwarka,5,4.13,BEVERAGES,27.1,97,86,99,151
2025-11-19,2,11,0,Lajpat Nagar,8,4.65,PACKAGED_FOOD,29.8,21,23,21,85
2025-11-20,3,11,0,South Extension,6,1.9,PACKAGED_FOOD,25.8,17,15,14,53
2025-11-21,4,11,0,Rohini,7,3.83,PACKAGED_FOOD,28.4,118,119,109,172
2025-11-22,5,11,1,South Extension,6,2.62,BAKERY,28.1,82,77,74,157
2025-11-23,6,11,1,South Extension,6,4.73,PACKAGED_FOOD,25.7,33,29,36,127
2025-11-24,0,11,0,Dwarka,5,2.06,PACKAGED_FOOD,33.6,38,32,31,99
2025-11-25,1,11,0,Lodhi Colony,7,1.83,BAKERY,28.1,56,51,65,110
2025-11-26,2,11,0,Lajpat Nagar,8,3.98,PACKAGED_FOOD,26.4,80,86,76,143
2025-11-27,3,11,0,South Extension,6,2.39,PRODUCE_FRUITS,28.6,67,58,54,105
2025-11-28,4,11,0,South Extension,6,2.39,PACKAGED_FOOD,30.8,46,49,48,82
2025-11-29,5,11,1,Lajpat Nagar,8,2.51,DAIRY,28.5,96,96,106,191
2025-11-30,6,11,1,Lajpat Nagar,8,4.08,PACKAGED_FOOD,33.5,86,84,68,189
2025-12-01,0,12,0,Lodhi Colony,7,4.67,PACKAGED_FOOD,14.9,36,30,42,82
2025-12-02,1,12,0,Rohini,7,3.74,PRODUCE_FRUITS,20.4,42,43,42,99
2025-12-03,2,12,0,South Extension,6,2.03,PACKAGED_FOOD,17.6,53,46,57,105
2025-12-04,3,12,0,Connaught Place,4,4.4,BAKERY,18.1,117,110,125,153
2025-12-05,4,12,0,Connaught Place,4,3.6,OTHER,19.1,49,45,58,86
2025-12-06,5,12,1,Karol Bagh,9,2.58,BEVERAGES,13.3,15,15,12,108
2025-12-07,6,12,1,South Extension,6,3.72,DAIRY,17.6,104,110,114,172
2025-12-08,0,12,0,Dwarka,5,3.65,PACKAGED_FOOD,12.3,119,125,127,164
2025-12-09,1,12,0,Connaught Place,4,4.71,DAIRY,20.3,60,57,68,115
2025-12-10,2,12,0,South Extension,6,3.03,BAKERY,16.4,43,46,47,70
2025-12-11,3,12,0,Dwarka,5,4.54,PRODUCE_FRUITS,13.9,119,123,109,169
2025-12-12,4,12,0,Lodhi Colony,7,4.69,COOKED_MEALS,14.8,105,111,92,170
2025-12-13,5,12,1,Lajpat Nagar,8,4.75,BEVERAGES,16.0,50,51,49,130
2025-12-14,6,12,1,Karol Bagh,9,3.72,PACKAGED_FOOD,17.7,23,23,25,110
2025-12-15,0,12,0,Lajpat Nagar,8,2.36,PACKAGED_FOOD,20.6,81,86,73,140
2025-12-16,1,12,0,Dwarka,5,3.74,PACKAGED_FOOD,14.5,86,95,68,132
2025-12-17,2,12,0,Lodhi Colony,7,3.62,BEVERAGES,12.5,56,54,67,108
2025-12-18,3,12,0,Lodhi Colony,7,3.14,PACKAGED_FOOD,19.6,107,98,97,176
2025-12-19,4,12,0,Lodhi Colony,7,3.26,PRODUCE_FRUITS,12.1,39,37,44,100
2025-12-20,5,12,1,Lajpat Nagar,8,4.73,DAIRY,21.6,46,41,42,115
2025-12-21,6,12,1,South Extension,6,3.57,COOKED_MEALS,12.3,70,76,72,153
2025-12-22,0,12,0,Connaught Place,4,2.32,DAIRY,14.4,58,63,65,90
2025-12-23,1,12,0,Karol Bagh,9,4.12,COOKED_MEALS,19.8,94,92,78,168
2025-12-24,2,12,0,South Extension,6,4.53,DAIRY,15.1,103,89,87,160
2025-12-25,3,12,0,Rohini,7,2.96,PRODUCE_FRUITS,18.1,70,60,74,118
2025-12-26,4,12,0,Lodhi Colony,7,2.83,PACKAGED_FOOD,19.5,44,48,49,94
2025-12-27,5,12,1,Karol Bagh,9,1.54,DAIRY,16.6,69,76,72,145
2025-12-28,6,12,1,Rohini,7,1.59,PACKAGED_FOOD,15.3,39,34,31,130
2025-12-29,0,12,0,Dwarka,5,1.72,OTHER,20.4,88,78,88,125
2025-12-30,1,12,0,Karol Bagh,9,2.97,BAKERY,13.4,20,17,18,87
2025-12-31,2,12,0,Lodhi Colony,7,3.19,BEVERAGES,19.5,54,55,54,114
2025-01-01,2,1,0,Karol Bagh,9,2.63,PRODUCE_FRUITS,21.7,81,83,86,152
2025-01-02,3,1,0,South Extension,6,2.28,OTHER,20.4,21,20,18,72
2025-01-03,4,1,0,Rohini,7,1.73,BAKERY,18.7,103,108,101,172
2025-01-04,5,1,1,Dwarka,5,2.59,PACKAGED_FOOD,17.7,57,58,55,133
2025-01-05,6,1,1,Rohini,7,4.5,DAIRY,14.2,15,15,16,106
2025-01-06,0,1,0,Lodhi Colony,7,3.56,BAKERY,16.8,113,128,105,170
2025-01-07,1,1,0,Lajpat Nagar,8,4.23,COOKED_MEALS,15.6,24,22,24,88
2025-01-08,2,1,0,Lajpat Nagar,8,2.46,BAKERY,18.3,112,107,133,173
2025-01-09,3,1,0,Lajpat Nagar,8,4.42,BEVERAGES,13.7,85,78,74,154
2025-01-10,4,1,0,Lajpat Nagar,8,4.28,COOKED_MEALS,12.2,101,90,107,179
2025-01-11,5,1,1,Lajpat Nagar,8,2.51,BAKERY,15.7,62,64,72,141
2025-01-12,6,1,1,Rohini,7,4.79,DAIRY,20.8,23,20,26,113
2025-01-13,0,1,0,Karol Bagh,9,2.75,PRODUCE_FRUITS,15.2,69,78,61,134
2025-01-14,1,1,0,South Extension,6,4.02,PACKAGED_FOOD,13.9,83,77,71,136
2025-01-15,2,1,0,Connaught Place,4,4.38,OTHER,17.1,89,99,78,146
2025-01-16,3,1,0,South Extension,6,4.09,OTHER,18.6,23,20,21,84
2025-01-17,4,1,0,Connaught Place,4,3.15,DAIRY,13.8,106,101,114,139
2025-01-18,5,1,1,Dwarka,5,4.65,DAIRY,14.7,66,68,73,140
2025-01-19,6,1,1,Lajpat Nagar,8,2.99,BAKERY,16.0,54,52,51,135
2025-01-20,0,1,0,Lajpat Nagar,8,4.59,PRODUCE_FRUITS,14.5,25,22,20,79
2025-01-21,1,1,0,Karol Bagh,9,1.64,PACKAGED_FOOD,18.2,69,67,67,130
2025-01-22,2,1,0,Connaught Place,4,4.15,PRODUCE_FRUITS,14.7,18,16,16,54
2025-01-23,3,1,0,South Extension,6,2.47,PACKAGED_FOOD,17.1,97,84,88,140
2025-01-24,4,1,0,Lajpat Nagar,8,1.82,COOKED_MEALS,15.6,84,76,73,146
2025-01-25,5,1,1,Rohini,7,4.04,OTHER,14.7,105,108,89,197
2025-01-26,6,1,1,Rohini,7,3.98,BEVERAGES,17.4,48,40,44,138
2025-01-27,0,1,0,Lodhi Colony,7,4.62,OTHER,17.8,98,83,104,146
2025-01-28,1,1,0,Rohini,7,4.64,OTHER,16.0,44,46,38,103
2025-01-29,2,1,0,Karol Bagh,9,4.0,BEVERAGES,20.1,58,63,53,135
2025-01-30,3,1,0,Lajpat Nagar,8,2.92,BEVERAGES,16.2,71,69,72,122
2025-01-31,4,1,0,Lajpat Nagar,8,2.51,BEVERAGES,12.1,118,123,111,183
2025-02-01,5,2,1,Lajpat Nagar,8,2.88,BEVERAGES,19.5,112,121,113,200
2025-02-02,6,2,1,Rohini,7,1.61,BAKERY,13.5,57,58,63,134
2025-02-03,0,2,0,Karol Bagh,9,3.39,DAIRY,21.8,41,46,33,98
2025-02-04,1,2,0,Connaught Place,4,3.38,DAIRY,18.4,53,46,44,100
2025-02-05,2,2,0,Karol Bagh,9,2.09,OTHER,18.9,77,66,67,144
2025-02-06,3,2,0,Lajpat Nagar,8,2.27,BEVERAGES,17.2,73,63,73,125
2025-02-07,4,2,0,Lajpat Nagar,8,2.58,DAIRY,15.9,29,25,28,83
2025-02-08,5,2,1,Rohini,7,2.18,OTHER,14.1,70,76,74,141
2025-02-09,6,2,1,Lajpat Nagar,8,3.49,PRODUCE_FRUITS,17.9,79,84,77,175
2025-02-10,0,2,0,Lodhi Colony,7,1.71,DAIRY,18.0,46,46,53,118
2025-02-11,1,2,0,Lodhi Colony,7,3.02,PACKAGED_FOOD,12.4,26,24,29,65
2025-02-12,2,2,0,Dwarka,5,4.11,DAIRY,18.1,118,130,113,172
2025-02-13,3,2,0,Lajpat Nagar,8,4.47,BEVERAGES,16.3,64,71,55,119
2025-02-14,4,2,0,South Extension,6,2.29,OTHER,13.6,95,96,101,139
2025-02-15,5,2,1,South Extension,6,3.8,BEVERAGES,21.0,78,75,86,165
2025-02-16,6,2,1,Rohini,7,1.85,OTHER,19.8,67,66,60,151
2025-02-17,0,2,0,Karol Bagh,9,1.65,COOKED_MEALS,12.7,103,108,101,168
2025-02-18,1,2,0,Lajpat Nagar,8,2.81,COOKED_MEALS,14.5,105,118,97,181
2025-02-19,2,2,0,Dwarka,5,3.03,DAIRY,12.7,85,89,92,121
2025-02-20,3,2,0,Connaught Place,4,4.28,BAKERY,20.4,92,80,84,142
2025-02-21,4,2,0,Karol Bagh,9,3.95,BAKERY,12.8,112,95,101,174
2025-02-22,5,2,1,Dwarka,5,1.61,BEVERAGES,17.3,71,75,80,141
2025-02-23,6,2,1,Rohini,7,3.23,BEVERAGES,19.2,28,27,25,110
2025-02-24,0,2,0,Rohini,7,2.75,BAKERY,21.3,62,69,54,116
2025-02-25,1,2,0,South Extension,6,2.89,COOKED_MEALS,15.4,39,41,32,100
2025-02-26,2,2,0,Rohini,7,4.24,BAKERY,19.2,20,19,16,75
2025-02-27,3,2,0,Connaught Place,4,2.56,BEVERAGES,13.9,41,46,39,72
2025-02-28,4,2,0,South Extension,6,2.68,BAKERY,12.1,98,92,93,149
2025-03-01,5,3,1,Lodhi Colony,7,2.23,BEVERAGES,32.2,98,101,80,189
2025-03-02,6,3,1,Rohini,7,3.48,COOKED_MEALS,31.1,116,133,132,210
2025-03-03,0,3,0,Lajpat Nagar,8,2.33,COOKED_MEALS,30.0,95,100,101,178
2025-03-04,1,3,0,Connaught Place,4,2.08,OTHER,32.8,55,62,58,93
2025-03-05,2,3,0,South Extension,6,2.61,PACKAGED_FOOD,33.1,72,69,76,125
2025-03-06,3,3,0,South Extension,6,2.27,PACKAGED_FOOD,31.6,30,28,32,89
2025-03-07,4,3,0,Rohini,7,2.3,COOKED_MEALS,24.6,62,61,54,117
2025-03-08,5,3,1,Lajpat Nagar,8,4.55,PACKAGED_FOOD,33.9,71,76,66,175
2025-03-09,6,3,1,Connaught Place,4,2.55,OTHER,31.6,81,88,78,157
2025-03-10,0,3,0,Lajpat Nagar,8,4.29,PRODUCE_FRUITS,27.4,41,41,47,92
2025-03-11,1,3,0,Dwarka,5,4.76,OTHER,30.9,107,98,122,158
2025-03-12,2,3,0,Dwarka,5,1.52,OTHER,28.9,39,33,46,80
2025-03-13,3,3,0,Lajpat Nagar,8,1.91,BAKERY,29.9,116,131,103,188
2025-03-14,4,3,0,Connaught Place,4,2.04,BAKERY,26.4,37,38,34,81
2025-03-15,5,3,1,Karol Bagh,9,2.98,BEVERAGES,26.0,115,114,135,205
2025-03-16,6,3,1,Lodhi Colony,7,2.96,PACKAGED_FOOD,30.1,70,75,78,161
2025-03-17,0,3,0,Rohini,7,3.09,OTHER,27.8,25,26,29,76
2025-03-18,1,3,0,Dwarka,5,2.08,DAIRY,28.6,73,68,74,115
2025-03-19,2,3,0,Lodhi Colony,7,1.74,BAKERY,31.1,40,35,35,101
2025-03-20,3,3,0,Dwarka,5,2.74,DAIRY,33.3,65,74,61,114
2025-03-21,4,3,0,Lodhi Colony,7,2.52,PACKAGED_FOOD,24.7,19,21,16,75
2025-03-22,5,3,1,Rohini,7,2.94,PRODUCE_FRUITS,31.7,111,118,111,196
2025-03-23,6,3,1,Lodhi Colony,7,3.6,PRODUCE_FRUITS,31.0,98,94,95,187
2025-03-24,0,3,0,Rohini,7,2.69,BEVERAGES,30.8,104,109,89,171
2025-03-25,1,3,0,Karol Bagh,9,3.0,BEVERAGES,25.5,46,47,54,110
2025-03-26,2,3,0,Rohini,7,1.8,BEVERAGES,33.2,65,69,77,118
2025-03-27,3,3,0,South Extension,6,3.21,BAKERY,32.8,36,39,32,82
2025-03-28,4,3,0,Dwarka,5,4.43,PACKAGED_FOOD,27.1,67,72,78,139
2025-03-29,5,3,1,Rohini,7,1.79,BEVERAGES,29.7,117,111,100,200
2025-03-30,6,3,1,Lodhi Colony,7,3.81,COOKED_MEALS,33.9,119,118,99,202
2025-03-31,0,3,0,Rohini,7,3.8,PACKAGED_FOOD,28.2,51,54,44,100
2025-04-01,1,4,0,Lajpat Nagar,8,3.11,PACKAGED_FOOD,33.5,72,73,63,144
2025-04-02,2,4,0,Lajpat Nagar,8,1.69,BAKERY,32.1,39,36,45,86
2025-04-03,3,4,0,Karol Bagh,9,1.86,BEVERAGES,25.7,52,45,44,119
2025-04-04,4,4,0,South Extension,6,2.63,PACKAGED_FOOD,26.3,77,80,64,140
2025-04-05,5,4,1,South Extension,6,3.7,OTHER,33.9,27,24,30,114
2025-04-06,6,4,1,Lodhi Colony,7,3.49,OTHER,26.7,77,76,71,156
2025-04-07,0,4,0,Connaught Place,4,4.8,OTHER,26.4,61,64,58,112
2025-04-08,1,4,0,South Extension,6,4.72,OTHER,27.3,27,22,31,70
2025-04-09,2,4,0,Lajpat Nagar,8,1.58,COOKED_MEALS,32.7,50,56,55,126
2025-04-10,3,4,0,Lajpat Nagar,8,2.72,PACKAGED_FOOD,30.9,75,75,79,148
2025-04-11,4,4,0,Rohini,7,2.56,BEVERAGES,27.6,20,22,21,73
2025-04-12,5,4,1,Dwarka,5,2.97,PACKAGED_FOOD,28.8,109,112,90,170
2025-04-13,6,4,1,Lodhi Colony,7,4.76,OTHER,31.0,27,28,24,124
2025-04-14,0,4,0,Lajpat Nagar,8,3.85,OTHER,29.2,88,95,95,162
2025-04-15,1,4,0,South Extension,6,2.49,BEVERAGES,34.0,74,66,72,128
